,V1,D1,D2,D3,D4,D5,D6,F1,F2,F3,F4,F5,F6,F7,F8,F9,cyclelife
0,-2.506762553,-1.958456657,-2.506762553,-0.367163344,0.012464331,1.0753012,0.0092883,-1.958456657,-5.013525106,5.54E-06,1.08096458,1.0753012,13.40915,3070.271766,0,-4.20E-05,2160
1,-2.221089424,-1.722149303,-2.221089424,-0.357485561,0.03957902,1.0797229,0.0065301,-1.722149303,-4.442178848,1.71E-05,1.084075016,1.0797229,12.02513967,2934.239337,0,3.86E-05,1434
2,-2.089221726,-1.598965335,-2.089221726,-0.825794342,0.089030884,1.0761266,0.0059438,-1.598965335,-4.178443452,1.12E-05,1.079754795,1.0761266,10.96784967,3030.315513,0.015922785,-0.000111867,1074
3,-1.906525783,-1.417557233,-1.906525783,-0.477012756,0.049425777,1.0938644,0.0041042,-1.417557233,-3.813051566,-6.43E-06,1.09725427,1.0938644,10.02508167,3134.969863,0,-3.84E-05,870
4,-2.073231009,-1.625407203,-2.073231009,-0.225594077,0.081187197,1.0537786,0.0094604,-1.625407203,-4.146462018,2.18E-05,1.058971606,1.0537786,11.668876,3210.35319,0,-0.000303578,788
5,-2.008757296,-1.538433128,-2.008757296,-0.316954268,0.09706841,1.0611236,0.0082151,-1.538433128,-4.017514592,2.90E-05,1.066175368,1.0611236,10.79770567,3248.493147,0.016542939,-0.000253296,719
6,-1.98486247,-1.507687163,-1.98486247,-0.591780484,0.110826083,1.072052,0.0071738,-1.507687163,-3.96972494,1.79E-05,1.076194039,1.072052,10.14688067,3144.765764,0.016238289,2.22E-05,857
7,-1.809736158,-1.338256453,-1.809736158,-0.563163903,0.105651445,1.0851147,0.0041907,-1.338256453,-3.619472316,-1.04E-05,1.08889662,1.0851147,9.924738333,3238.33188,0.016205151,-6.61E-05,788
8,-1.67495177,-1.188959728,-1.67495177,-1.044954055,0.058077511,1.0824388,0.0034874,-1.188959728,-3.34990354,-8.18E-05,1.086397504,1.0824388,8.964706333,3247.341442,0,-0.000203807,559
9,-1.969114006,-1.496997833,-1.969114006,-0.469975711,0.105233575,1.0745355,0.0045395,-1.496997833,-3.938228012,2.02E-06,1.07792995,1.0745355,12.147216,3271.036413,0.016390581,-4.86E-06,1017
10,-1.897392743,-1.416184199,-1.897392743,-0.931561192,0.106078636,1.0876514,0.0038948,-1.416184199,-3.794785486,-1.52E-05,1.091350021,1.0876514,10.76481967,3249.342212,0.016129743,1.29E-05,870
11,-1.922138648,-1.429299712,-1.922138648,-0.845779952,0.092889828,1.0777475,0.003847,-1.429299712,-3.844277296,-7.73E-06,1.08108969,1.0777475,11.12990733,3309.847905,0.016467512,6.38E-05,860
12,-1.872132353,-1.389176102,-1.872132353,-0.544863539,0.088841604,1.0798637,0.0039545,-1.389176102,-3.744264706,-1.64E-05,1.083658496,1.0798637,10.13017967,3286.997914,0.015838005,5.84E-05,709
13,-1.823014493,-1.341356375,-1.823014493,-0.807834047,0.107022205,1.0778366,0.0038201,-1.341356375,-3.646028986,-1.28E-05,1.081323039,1.0778366,10.096438,3241.929734,0.015933495,5.13E-05,731
14,-1.924090823,-1.429245314,-1.924090823,-0.821307408,0.071845251,1.0766174,0.004865,-1.429245314,-3.848181646,-3.13E-07,1.08008595,1.0766174,11.067937,3201.170751,0.016567618,-2.84E-05,742
15,-1.834533415,-1.35045675,-1.834533415,-1.617615702,0.109824665,1.0778315,0.0045278,-1.35045675,-3.66906683,-7.18E-06,1.081642895,1.0778315,11.52484333,3140.649062,0.016229769,8.79E-05,704
16,-1.716306831,-1.248600812,-1.716306831,-1.195108382,0.129801972,1.0729513,0.0036465,-1.248600812,-3.432613662,-9.44E-06,1.076282799,1.0729513,10.24306667,3302.107264,0.016066672,8.90E-05,617
17,-2.027389097,-1.536171058,-2.027389097,-0.604665456,0.093944667,1.0833029,0.0045033,-1.536171058,-4.054778194,-8.20E-06,1.087348426,1.0833029,12.07122267,3279.06455,0.016480761,6.66E-05,966
18,-1.832710637,-1.349598771,-1.832710637,-0.967808152,0.119335705,1.0798725,0.0049595,-1.349598771,-3.665421274,2.11E-06,1.08378139,1.0798725,11.17109367,3291.345373,0.016511114,0.000103314,702
19,-1.710132747,-1.230644303,-1.710132747,-0.856735788,0.110348796,1.0847682,0.0035624,-1.230644303,-3.420265494,-3.36E-05,1.08855646,1.0847682,10.27110433,3190.235032,0.017142953,0.000152771,616
20,-1.372639315,-0.868309264,-1.372639315,-0.310813309,-0.054311,1.0700541,0.0035296,-0.868309264,-2.74527863,-0.000354731,1.07883863,1.0700541,10.24416467,2944.977147,0.016423751,-0.00021299,300
21,-1.746412134,-1.263094289,-1.746412134,-0.769043504,0.108508492,1.0735391,0.0064283,-1.263094289,-3.492824268,-1.28E-05,1.078679621,1.0735391,10.075615,3209.329731,0.017209327,-0.000232082,438
22,-1.675785268,-1.193764577,-1.675785268,-0.795787759,0.05590189,1.0728973,0.0027499,-1.193764577,-3.351570536,-0.00010675,1.077330645,1.0728973,10.124655,3224.407304,0.015997788,-0.00085516,444
23,-1.621977517,-1.139918711,-1.621977517,-0.361250728,0.005525264,1.0687391,0.0037921,-1.139918711,-3.243955034,-0.000214386,1.075658243,1.0687391,10.19462267,3212.13423,0.015648872,-0.001029189,511
24,-1.731141789,-1.248020978,-1.731141789,-1.05543352,0.082594809,1.0717047,0.0042239,-1.248020978,-3.462283578,-4.15E-05,1.076324939,1.0717047,10.107076,3254.451996,0.017036082,-0.00052274,477
25,-1.592191747,-1.113893114,-1.592191747,-1.295000661,0.065156916,1.080285,0.0029318,-1.113893114,-3.184383494,-0.000121204,1.085154313,1.080285,10.23092367,3269.636348,0.016480118,-0.000497063,483
26,-1.714278543,-1.237925613,-1.714278543,-0.521854131,0.09974026,1.0656468,0.0110646,-1.237925613,-3.428557086,2.06E-05,1.073533826,1.0656468,10.161191,3080.401961,0.016974878,-0.000504403,494
27,-1.657785184,-1.190164921,-1.657785184,-1.414892025,0.090062003,1.0480373,0.0016425,-1.190164921,-3.315570368,-0.000178508,1.051277032,1.0480373,10.333377,3179.218713,0.01643493,-0.001034869,461
28,-1.763050919,-1.230650502,-1.763050919,-0.89253553,0.076952991,1.0768799,0.005137,-1.230650502,-3.526101838,-4.40E-05,1.082136947,1.0768799,10.121576,3171.068044,0.017165525,-0.000258873,489
29,-1.762912314,-1.280650809,-1.762912314,-0.572505163,0.067693341,1.0745209,0.00356,-1.280650809,-3.525824628,-6.66E-05,1.078901174,1.0745209,10.250747,3160.822321,0.01690297,-0.00082546,527
30,-1.726014121,-1.244540939,-1.726014121,-1.648455294,0.102776378,1.0672674,0.0048971,-1.244540939,-3.452028242,-3.03E-05,1.072093634,1.0672674,10.04198667,2920.891715,0.016953357,-0.000553833,461
31,-1.780686921,-1.298864379,-1.780686921,-1.042000687,0.102419048,1.065841,0.005946,-1.298864379,-3.561373842,4.95E-07,1.070597696,1.065841,10.14740933,3136.406661,0.017141469,-0.00026701,468
32,-1.85423426,-1.386179372,-1.85423426,-0.543987343,0.134322772,1.0725043,0.0068375,-1.386179372,-3.70846852,3.28E-05,1.076574752,1.0725043,10.114581,3281.801848,0.016837668,4.10E-05,498
33,-1.813314495,-1.34314469,-1.813314495,-2.337812994,0.133107305,1.0732793,0.0068458,-1.34314469,-3.62662899,1.27E-05,1.07857364,1.0732793,10.14688433,3115.208702,0.017417014,-3.72E-05,492
34,-1.841592771,-1.36479095,-1.841592771,-1.126582219,0.131303618,1.079052,0.006544,-1.36479095,-3.683185542,2.07E-05,1.08352129,1.079052,10.12924833,3231.380182,0.017406421,9.91E-05,520
35,-1.743868445,-1.272055591,-1.743868445,-0.728436834,0.139738367,1.0687217,0.0057665,-1.272055591,-3.48773689,-2.80E-07,1.073355198,1.0687217,10.13029333,3296.044703,0.016969517,-0.000378346,463
36,-1.761351388,-1.291292746,-1.761351388,-0.948254492,0.139515213,1.0748166,0.0068574,-1.291292746,-3.522702776,3.51E-05,1.07889607,1.0748166,10.11468833,3130.587654,0.01798249,9.34E-05,478
37,-1.752581648,-1.283622453,-1.752581648,-1.298407454,0.142137464,1.0784613,0.0084206,-1.283622453,-3.505163296,3.19E-05,1.084284399,1.0784613,10.14447933,3148.712511,0.017882114,7.45E-05,459
38,-1.719323761,-1.247334921,-1.719323761,-0.866600089,0.140075548,1.0682049,0.0079039,-1.247334921,-3.438647522,1.66E-05,1.073882672,1.0682049,10.12803633,3247.207896,0.017491397,-7.86E-05,429
39,-1.697266924,-1.226029272,-1.697266924,-1.993883621,0.134111958,1.0735646,0.0070754,-1.226029272,-3.394533848,1.25E-05,1.078976253,1.0735646,10.12917433,3235.109068,0.017879792,9.04E-05,462
40,-1.843991575,-1.361351223,-1.843991575,-1.53969922,0.113009868,1.0704726,0.0051856,-1.361351223,-3.68798315,-7.06E-06,1.074867974,1.0704726,10.097114,3196.248318,0.01683791,-0.000126906,487
41,-2.507213266,-2.072647967,-2.507213266,-0.274040637,0.129790365,1.0706892,0.4683652,-2.072647967,-5.014426532,-0.000206807,1.091143732,1.0706892,13.374894,3097.042122,0.016443744,-7.52E-05,1852
42,-2.368282615,-1.764057861,-2.368282615,0.033501873,-0.45762675,1.0799223,0.0081312,-1.764057861,-4.73656523,1.03E-05,1.08484612,1.0799223,13.35824233,3084.890135,0,-1.38E-05,2237
43,-2.323654574,-1.855176959,-2.323654574,-0.440634335,0.125100669,1.0784167,0.0058999,-1.855176959,-4.647309148,1.90E-05,1.081874821,1.0784167,12.04185067,3081.926451,0,-5.33E-05,1709
44,-1.884221694,-1.421520794,-1.884221694,-0.389408127,0.092745233,1.0758358,0.0063032,-1.421520794,-3.768443388,-4.81E-06,1.081157026,1.0758358,10.076479,3162.727047,0,-0.000333346,636
45,-2.029474583,-1.54174789,-2.029474583,-0.368971416,0.072680249,1.0829742,0.0059757,-1.54174789,-4.058949166,1.82E-05,1.086771425,1.0829742,11.207956,3198.856716,0.016611163,-3.37E-05,1054
46,-2.022817664,-1.548306331,-2.022817664,-0.549054366,0.118359685,1.0709661,0.0068777,-1.548306331,-4.045635328,2.62E-05,1.074764977,1.0709661,10.764334,3241.551649,0.016649306,-6.81E-05,880
47,-2.049489582,-1.5589859,-2.049489582,-0.910272068,0.089233166,1.0811664,0.0074255,-1.5589859,-4.098979164,2.32E-05,1.085288383,1.0811664,10.11310767,3176.911423,0,-1.48E-05,862
48,-1.824823017,-1.35523443,-1.824823017,-1.28333827,0.129215481,1.0661705,1.817914,-1.35523443,-3.649646034,-0.000294542,1.101465004,1.0661705,9.958173667,3119.430903,0.015845969,-0.003994543,691
49,-1.683401449,-1.19667656,-1.683401449,-0.616772288,0.030486792,1.07263,0.0030942,-1.19667656,-3.366802898,-0.000139776,1.076969671,1.07263,9.021115,3150.86638,0,-0.000580528,534
50,-2.020179566,-1.523552178,-2.020179566,-0.844134617,0.090118977,1.0792934,0.004493,-1.523552178,-4.040359132,-6.95E-06,1.082815554,1.0792934,11.44700633,3135.130054,0.016472535,-9.14E-06,1014
51,-2.013727154,-1.531044892,-2.013727154,-0.446196105,0.093909737,1.0752345,0.0046786,-1.531044892,-4.027454308,5.13E-07,1.078821728,1.0752345,12.13012667,3317.175252,0.016397864,-1.13E-05,854
52,-1.926634344,-1.4457275,-1.926634344,-0.538323647,0.092308315,1.0790461,0.0039534,-1.4457275,-3.853268688,-1.08E-05,1.082584738,1.0790461,10.79698533,3321.71633,0.015953196,3.19E-05,842
53,-1.918923597,-1.433345122,-1.918923597,-0.861287007,0.106707044,1.0794537,0.0043492,-1.433345122,-3.837847194,-5.21E-06,1.08304867,1.0794537,11.17953533,3205.023239,0.016308507,1.78E-05,917
54,-1.888649056,-1.403642586,-1.888649056,-0.955723216,0.094164493,1.0946392,0.0036942,-1.403642586,-3.777298112,-2.62E-05,1.09840466,1.0946392,10.11367267,2976.825513,0.016684072,1.07E-05,876
55,-1.833311543,-1.347736431,-1.833311543,-1.188209862,0.090872478,1.0924908,0.0043354,-1.347736431,-3.666623086,-2.18E-05,1.096604067,1.0924908,10.14642867,3299.917552,0.016214989,-1.72E-05,757
56,-1.886085652,-1.407245667,-1.886085652,-1.024626695,0.113918038,1.0707464,0.0050792,-1.407245667,-3.772171304,3.20E-06,1.074344712,1.0707464,11.051195,3145.599717,0.016647711,3.24E-05,703
57,-1.836752191,-1.351203133,-1.836752191,-0.626213167,0.101669146,1.0748194,0.0044724,-1.351203133,-3.673504382,-9.68E-06,1.078523771,1.0748194,11.574392,3230.101432,0.016318144,6.72E-05,648
58,-1.752049604,-1.274546136,-1.752049604,-0.816723512,0.106255475,1.0817773,0.0046894,-1.274546136,-3.504099208,-3.29E-06,1.085827017,1.0817773,10.258443,3283.667684,0.016519627,9.16E-05,625
59,-2.035539729,-1.54505928,-2.035539729,-0.635718645,0.094453402,1.0789614,0.0049075,-1.54505928,-4.071079458,-1.39E-07,1.082893853,1.0789614,12.087368,3241.202769,0.016552322,-9.89E-07,1051
60,-1.83367228,-1.350607789,-1.83367228,-0.624787306,0.114815318,1.0682389,0.0034321,-1.350607789,-3.66734456,-2.40E-05,1.07174695,1.0682389,11.17087433,3267.260796,0.015904058,0.000127854,651
61,-1.712428862,-1.226187894,-1.712428862,-0.938555944,0.107343088,1.0839558,0.0044825,-1.226187894,-3.424857724,-1.29E-05,1.087818373,1.0839558,10.25446533,3234.117647,0.016382927,0.000150384,599
62,-1.363233208,-0.860038351,-1.363233208,-0.031051806,-0.292914219,1.0720705,0.0015459,-0.860038351,-2.726466416,-0.001092105,1.084408327,1.0720705,10.32765733,3176.440781,0.016267318,-0.000832979,148
63,-1.464555834,-0.996792629,-1.464555834,-0.374624865,0.01478523,1.0668509,0.0020589,-0.996792629,-2.929111668,-0.000227374,1.072520538,1.0668509,10.135263,3298.505686,0.015852956,-0.000333825,335
64,-1.801130253,-1.317856778,-1.801130253,-1.100566218,0.105057355,1.0680153,0.0050053,-1.317856778,-3.602260506,-1.14E-06,1.072032036,1.0680153,10.16286633,3141.087363,0.016727364,-0.000308501,480
65,-1.812939444,-1.315854095,-1.812939444,-0.78113063,0.037838938,1.0690521,0.0048897,-1.315854095,-3.625878888,-6.00E-05,1.074592569,1.0690521,10.114951,3274.369054,0.017548179,-0.000579358,561
66,-1.65983767,-1.177533343,-1.65983767,-0.453949117,0.035080705,1.0712759,0.4178432,-1.177533343,-3.31967534,-0.000148013,1.076501974,1.0712759,10.17263867,3292.733011,0.016133603,-0.000956277,458
67,-1.749158647,-1.282073166,-1.749158647,-0.947698474,0.121548082,1.0780684,0.0048147,-1.282073166,-3.498317294,-3.97E-06,1.082271562,1.0780684,10.114209,3221.053821,0.016895344,-0.000133067,485
68,-1.763610069,-1.256229522,-1.763610069,-1.001823429,0.004996959,1.063838,0.0037714,-1.256229522,-3.527220138,-8.16E-05,1.06828311,1.063838,10.18597433,3229.927635,0.016697574,-0.000435537,487
69,-1.860250972,-1.359308707,-1.860250972,-1.071780486,0.035815002,1.0831043,0.0063896,-1.359308707,-3.720501944,-6.30E-06,1.088277042,1.0831043,10.147933,3199.8853,0.017116761,-9.67E-05,502
70,-1.776956175,-1.295833799,-1.776956175,-1.271819313,0.103376173,1.079723,0.0056468,-1.295833799,-3.55391235,-8.08E-06,1.084615931,1.079723,10.14747167,3129.147508,0.016888004,-0.000345537,513
71,-1.847683699,-1.35617917,-1.847683699,-0.851878767,0.070388087,1.0679682,0.0054579,-1.35617917,-3.695367398,2.77E-06,1.071938919,1.0679682,10.058893,2947.781955,0.016777694,-0.000260558,495
72,-1.703363231,-1.229542591,-1.703363231,-1.125729639,0.117483669,1.0766411,0.0058852,-1.229542591,-3.406726462,-3.70E-05,1.082561314,1.0766411,10.00823233,3102.652549,0.017301282,-0.000577019,471
73,-1.760922583,-1.286735986,-1.760922583,-0.880585497,0.113089,1.07155,0.0063132,-1.286735986,-3.521845166,6.73E-06,1.076352866,1.07155,10.13968633,3240.364394,0.01686197,-8.50E-05,509
74,-1.802179826,-1.325416644,-1.802179826,-0.700897629,0.110284867,1.0672802,0.0058776,-1.325416644,-3.604359652,8.46E-06,1.071719845,1.0672802,10.09733367,3175.880694,0.017394017,-0.00031568,481
75,-1.743317803,-1.237979444,-1.743317803,-0.681143843,0.115776588,1.0742669,0.0066598,-1.237979444,-3.486635606,1.78E-05,1.078764532,1.0742669,10.13043933,3258.621233,0.017273866,0.000109414,519
76,-1.851501363,-1.372643592,-1.851501363,-0.898147393,0.12951776,1.0688509,0.0068526,-1.372643592,-3.703002726,2.09E-05,1.073610613,1.0688509,10.164115,3276.273487,0.017337065,-0.00014857,499
77,-1.781809923,-1.309596445,-1.781809923,-0.482088116,0.120810095,1.079731,0.0063388,-1.309596445,-3.563619846,2.41E-05,1.083945036,1.079731,10.14772167,3274.543878,0.020022187,9.95E-05,535
78,-1.767903376,-1.289183904,-1.767903376,-1.393010048,0.120361724,1.0699497,0.0057986,-1.289183904,-3.535806752,1.65E-05,1.074105116,1.0699497,10.14849333,3153.077772,0.017577264,-3.57E-05,465
79,-1.779714086,-1.298509866,-1.779714086,-1.500458354,0.118415814,1.0765519,0.0065683,-1.298509866,-3.559428172,-1.99E-05,1.082268664,1.0765519,10.13158333,3267.607207,0.016943704,-0.000469548,499
80,-1.793430444,-1.301274614,-1.793430444,-1.115133257,0.094905113,1.0780239,0.0060867,-1.301274614,-3.586860888,1.18E-05,1.082518045,1.0780239,10.13045433,3247.579941,0.016997622,-9.30E-05,466
81,-1.726073413,-1.244631657,-1.726073413,-1.389834643,0.111611938,1.070887,0.4738314,-1.244631657,-3.452146826,2.23E-05,1.075213642,1.070887,10.14690533,3236.6924,0.017408777,0.000186326,457
82,-1.684254412,-1.219913247,-1.684254412,-1.20553435,0.132095028,1.0726138,0.0073842,-1.219913247,-3.368508824,2.94E-05,1.077631966,1.0726138,10.14691733,3166.380862,0.017551575,0.000247778,429
83,-2.016748066,-1.528514098,-2.016748066,-0.566280441,0.083097651,1.0421375,0.0081127,-1.528514098,-4.033496132,-9.55E-06,1.049389155,1.0421375,10.112717,3175.861056,0.017025596,-0.000836281,713
84,-2.122340179,-1.632426848,-2.122340179,-0.709694604,0.068884546,1.0674551,0.0039161,-1.632426848,-4.244680358,-5.35E-06,1.070659091,1.0674551,10.044531,3155.148238,0.015180224,-0.000128412,1009
85,-2.142554099,-1.651224532,-2.142554099,-0.543073173,0.05076408,1.0650603,0.0036796,-1.651224532,-4.285108198,-1.47E-05,1.068472358,1.0650603,10.04113867,3413.622588,0.014931546,-0.000102823,1063
86,-2.058086629,-1.571272268,-2.058086629,-0.319166474,0.008770857,1.0628892,0.002645,-1.571272268,-4.116173258,-1.27E-05,1.065298418,1.0628892,10.04206533,3536.128531,0.014885032,5.61E-05,1115
87,-2.089015581,-1.605368409,-2.089015581,-0.36065353,0.044585786,1.0724765,0.0027885,-1.605368409,-4.178031162,-5.23E-06,1.074804658,1.0724765,10.04503133,3147.541607,0.015085269,-6.73E-05,1048
88,-2.056994731,-1.594395868,-2.056994731,-0.78786009,0.108811655,1.0514506,0.0026052,-1.594395868,-4.113989462,-1.60E-05,1.053974207,1.0514506,10.04191,3484.763151,0.015130546,-0.000167234,828
89,-1.762636841,-1.274074926,-1.762636841,-0.315910258,-0.061941634,1.0626124,0.0004592,-1.274074926,-3.525273682,-0.000202398,1.064081999,1.0626124,10.06247167,3342.547044,0.013527169,0.000320148,667
90,-2.244153838,-1.768045875,-2.244153838,-0.467522164,0.079457689,1.0675218,0.0033972,-1.768045875,-4.488307676,-2.36E-06,1.070297655,1.0675218,11.04157733,3214.186777,0.015372629,-3.54E-05,1836
91,-2.045684623,-1.57107236,-2.045684623,-0.667416149,0.106922666,1.0647362,0.0039782,-1.57107236,-4.091369246,-3.31E-06,1.068174847,1.0647362,10.04495,3239.487989,0.01520093,-0.000172681,828
92,-1.990931221,-1.529071212,-1.990931221,-1.252987647,0.129437322,1.0694826,0.0038881,-1.529071212,-3.981862442,6.68E-07,1.072825256,1.0694826,10.04174933,3242.674231,0.015742281,-2.94E-05,1039
93,-2.205460706,-1.719125239,-2.205460706,-0.610911056,0.076230822,1.0617746,0.0032262,-1.719125239,-4.410921412,-2.88E-06,1.064525264,1.0617746,11.04500333,3188.473581,0.015318613,-0.000143864,1078
94,-1.942243326,-1.467406442,-1.942243326,-0.853274963,0.10229864,1.0680679,0.0026928,-1.467406442,-3.884486652,-1.77E-05,1.070729462,1.0680679,10.04221833,3351.980946,0.015485173,-4.96E-05,817
95,-1.973177733,-1.498462568,-1.973177733,-2.045376078,0.108352195,1.0741653,0.0027777,-1.498462568,-3.946355466,-6.68E-06,1.076676032,1.0741653,10.04249167,3255.643362,0.01599754,-4.04E-05,932
96,-2.047015987,-1.558366377,-2.047015987,-0.587928164,0.078434661,1.065558,0.0040867,-1.558366377,-4.094031974,-1.22E-05,1.069335077,1.065558,10.04231967,3343.624094,0.01506449,-0.000145141,816
97,-1.999616592,-1.533393919,-1.999616592,-0.716601829,0.120520241,1.0727056,0.0050386,-1.533393919,-3.999233184,4.64E-06,1.076779365,1.0727056,10.041712,3245.782832,0.015496999,-7.74E-05,858
98,-2.000124955,-1.530408516,-2.000124955,-0.812976499,0.10865481,1.0684187,0.0028587,-1.530408516,-4.00024991,-1.16E-05,1.071136518,1.0684187,10.04153367,3284.088782,0.01525728,-9.03E-05,876
99,-2.347039494,-1.871213282,-2.347039494,-1.273501176,-0.05127774,1.061009,0.0033309,-1.871213282,-4.694078988,-9.69E-06,1.064003112,1.061009,11.04336633,3424.281204,0.015253145,-0.000120936,1638
100,-2.219639284,-1.7475744,-2.219639284,-1.777335405,-0.088713941,1.0664514,0.0025996,-1.7475744,-4.439278568,-5.83E-06,1.067345296,1.0664514,10.04197433,3436.914963,0.01535425,-0.000162275,1315
101,-2.126808745,-1.629750306,-2.126808745,-0.640237159,0.024125686,1.0680237,0.0021301,-1.629750306,-4.25361749,-2.93E-05,1.070361931,1.0680237,10.04312967,3458.576218,0.014978203,-3.74E-05,1146
102,-2.085753681,-1.596988363,-2.085753681,-0.917652272,0.046058591,1.0719248,0.0019749,-1.596988363,-4.171507362,-2.97E-05,1.074235086,1.0719248,10.043437,3439.654828,0.015178323,-4.25E-05,1155
103,-2.032955091,-1.551726744,-2.032955091,-0.469121786,0.072911487,1.0650502,0.0030607,-1.551726744,-4.065910182,-7.15E-06,1.067814756,1.0650502,10.04332967,3244.071147,0.015206913,-7.64E-05,813
104,-1.851946087,-1.363751397,-1.851946087,-0.295729559,-0.072584687,1.0678563,0.0008404,-1.363751397,-3.703892174,-0.000159492,1.070112267,1.0678563,10.067868,3420.241884,0.01394002,0.000233937,772
105,-2.023193943,-1.546539013,-2.023193943,-1.276362836,0.103452596,1.0562643,0.0028446,-1.546539013,-4.046387886,-1.60E-05,1.05897035,1.0562643,10.04338433,3391.854302,0.015614755,-0.000122983,1002
106,-2.077410242,-1.60603194,-2.077410242,-0.473985523,0.101008493,1.0462732,0.0048557,-1.60603194,-4.154820484,9.65E-06,1.049949028,1.0462732,10.04224033,3399.37733,0.01550305,-0.000150559,825
107,-2.073063116,-1.575506312,-2.073063116,-0.436102642,0.030735094,1.0611302,0.0043403,-1.575506312,-4.146126232,6.95E-06,1.064468012,1.0611302,10.04159833,3487.042687,0.015591009,-4.92E-05,989
108,-2.109536451,-1.616559163,-2.109536451,-0.465776501,0.025503714,1.0720186,0.0037909,-1.616559163,-4.219072902,-4.29E-07,1.075134168,1.0720186,10.04181667,3503.124381,0.015538619,-4.24E-05,1028
109,-2.0648489,-1.575113615,-2.0648489,-0.442306919,0.046943114,1.0604171,0.0040355,-1.575113615,-4.1296978,-4.04E-06,1.063914867,1.0604171,10.04502233,3460.237796,0.014868693,-9.95E-05,850
110,-1.725611691,-1.237838393,-1.725611691,-0.523396751,-0.008640401,1.0518668,0.0008317,-1.237838393,-3.451223382,-0.000198022,1.054621147,1.0518668,10.05914167,3498.271949,0.013169404,0.000435923,541
111,-2.031570794,-1.538779559,-2.031570794,-0.457860949,0.071792871,1.0663688,0.004832,-1.538779559,-4.063141588,4.08E-06,1.070292311,1.0663688,10.04168767,3063.772211,0.014745088,-0.000165511,858
112,-2.049895518,-1.572884567,-2.049895518,-0.411939153,0.055725818,1.0687393,0.0036005,-1.572884567,-4.099791036,-3.42E-06,1.071880175,1.0687393,10.04367867,3159.876736,0.015509814,-0.000114126,935
113,-1.919584257,-1.448313282,-1.919584257,-0.917743225,0.111140247,1.0681812,0.0034605,-1.448313282,-3.839168514,-9.00E-06,1.071258666,1.0681812,10.04647767,3331.99831,0.015812302,-2.98E-05,731
114,-2.197731911,-1.701454189,-2.197731911,-0.376714345,0.003858915,1.060272,0.0026444,-1.701454189,-4.395463822,-1.26E-05,1.062801338,1.060272,10.04330133,3244.521808,0.015279103,-0.000153993,1284
115,-2.152612496,-1.667361755,-2.152612496,-0.734992783,0.06288837,1.061535,0.0027431,-1.667361755,-4.305224992,-2.12E-05,1.06432507,1.061535,10.04418467,3506.39779,0.015220164,-0.000106908,1158
116,-2.117211889,-1.637742362,-2.117211889,-0.528215339,0.061761013,1.0633804,0.0020494,-1.637742362,-4.234423778,-1.95E-05,1.065495417,1.0633804,10.04314867,3482.267812,0.015308049,-7.60E-05,1093
117,-2.126511704,-1.638615704,-2.126511704,-0.600116743,0.040137917,1.0575287,0.0030761,-1.638615704,-4.253023408,-2.20E-05,1.060483815,1.0575287,10.043801,3516.153406,0.015083324,-8.83E-05,923
118,-2.170809266,-1.69578949,-2.170809266,-1.266283531,0.070734681,1.0701473,0.0025093,-1.69578949,-4.341618532,-8.79E-06,1.072430919,1.0701473,10.044471,3405.122013,0.015742945,-0.000115897,1935
119,-2.227100282,-1.758007558,-2.227100282,-0.533816817,0.001306764,1.0474036,0.004107,-1.758007558,-4.454200564,-6.58E-06,1.050918796,1.0474036,10.043833,3320.904448,0.015480768,-0.000155274,1156
120,-2.147336882,-1.656516677,-2.147336882,-0.501095774,0.056337958,1.0593235,0.00451,-1.656516677,-4.294673764,-7.69E-06,1.063391687,1.0593235,10.043563,3337.234477,0.015254971,-0.000234305,796
121,-2.109537429,-1.616310388,-2.109537429,-0.447169341,0.026586428,1.0505219,0.0043619,-1.616310388,-4.219074858,9.73E-06,1.053877799,1.0505219,10.04297433,3296.789848,0.017006677,-0.000173132,786
122,-2.065530505,-1.585275075,-2.065530505,-0.61151449,0.092859503,1.06972,0.0041849,-1.585275075,-4.13106101,4.69E-06,1.073078213,1.06972,10.04343567,3268.477965,0.01551657,-0.000105745,940
123,-2.260208144,-1.783096536,-2.260208144,-0.483936795,0.070823912,1.0695485,0.0025962,-1.783096536,-4.520416288,-1.26E-07,1.071472276,1.0695485,11.03765,3207.216268,0.015557319,-7.95E-05,1801
