id_cycle,Voltage_measured,Current_measured,Temperature_measured,Current_charge,Voltage_charge,Time,ambient_temperature,time
0,4.187419504014827,0.6434546691871927,25.32407901830568,0.6384524714828897,4.359486692015209,2725.9524334600765,24.0,2008.0
2,4.058826443375249,0.9490426727251162,26.63562262811608,0.9417617021276595,4.430904255319149,3685.339534042553,24.0,2008.0
4,4.058138828852896,0.9505286974657303,26.778175507896705,0.9431141942369263,4.402618996798292,3665.6367865528277,24.0,2008.0
6,4.058904789088504,0.9523115206216739,26.70320405781683,0.9447352625937835,4.418978563772776,3636.451544480172,24.0,2008.0
8,4.058329981003973,0.9477284862498987,26.617004288392,0.9403607257203842,4.364055496264674,3666.7736456776947,24.0,2008.0
10,4.059785107501149,0.9326606943848299,26.51849450408942,0.9256123949579832,4.326279411764706,3774.646442226891,24.0,2008.0
12,4.058914241429766,0.9322724824266048,26.620706323978894,0.9251428571428572,4.287875,3776.138970588235,24.0,2008.0
14,4.053425643583467,0.9653291698755071,26.737918888901717,0.9578858695652174,4.4560641304347826,3542.7558000000004,24.0,2008.0
16,4.055637707823975,0.9616213808811538,26.741457030661458,0.9542204125950055,4.410529858849077,3547.597802388708,24.0,2008.0
18,4.055138987448823,0.960815286794583,26.7021703105932,0.9531161780673182,4.41871878393051,3553.5005667752444,24.0,2008.0
20,4.054491573689291,0.961954518108792,26.608132946993933,0.9543456521739131,4.4077847826086956,3541.39825,24.0,2008.0
22,4.052614691993199,0.9688176644385617,26.63314786563377,0.9611226725082147,4.446259583789704,3498.81147754655,24.0,2008.0
23,4.076087195502948,0.948479102987148,27.033644494333256,0.9409453734671126,4.453830546265329,3370.996879598662,24.0,2008.0
25,4.054612747973269,0.9671176035785913,26.870618187745677,0.9594374999999999,4.4338212719298244,3485.093736842105,24.0,2008.0
27,4.059265909682025,0.9281364622466176,26.738987031481408,0.9207749737118822,4.244855941114617,3764.170446898002,24.0,2008.0
29,4.053495431054621,0.9687280220511733,26.692190227813647,0.9609857299670691,4.435383095499451,3475.6279758507135,24.0,2008.0
31,4.057009589497505,0.962205534079163,26.563313470921166,0.9545514223194749,4.417856673960612,3498.664772428884,24.0,2008.0
33,4.056509050138727,0.9646896474341132,26.525952764500225,0.9571701427003293,4.464809001097694,3479.2100944017566,24.0,2008.0
35,4.055991881873581,0.9622720569618808,26.591676949772925,0.9546987951807229,4.422258488499453,3494.519451259584,24.0,2008.0
37,4.056478346718693,0.9537153567418095,26.645032205307864,0.9463156182212582,4.377891540130152,3554.9388188720172,24.0,2008.0
39,4.079851333950046,0.9411642330468535,25.663244609650956,0.9334212218649517,4.407660235798499,3616.7048488745977,24.0,2008.0
43,4.057903790387568,0.9612867786553303,26.015018000119397,0.9536472491909385,4.438400215749731,3597.4414412081983,24.0,2008.0
47,4.056383883924776,0.9632123836955072,26.09181445728815,0.9553798701298701,4.4329090909090905,3590.0744740259743,24.0,2008.0
51,4.058279288673889,0.969750668043904,25.70903005745027,0.9619234135667396,4.443292122538293,3519.932525164114,24.0,2008.0
55,4.065739463308086,0.9310567141504489,25.473631563964574,0.9236,4.299253684210527,3774.5277978947365,24.0,2008.0
59,4.0611501521821065,0.9648375330851495,25.427401199812188,0.9569312227074236,4.44765174672489,3529.846305676856,24.0,2008.0
63,4.060647477294544,0.9656310887431299,25.37095530984966,0.9577846994535519,4.455490710382514,3524.583791256831,24.0,2008.0
67,4.067270138639282,0.9343625511181636,25.27368217034848,0.9267738853503185,4.3211135881104035,3717.5985360934183,24.0,2008.0
71,4.066270157384749,0.9378723891405097,25.188122631656274,0.9302843450479233,4.3475846645367415,3696.9465559105433,24.0,2008.0
75,4.063497194671534,0.9583515841331876,25.208644345593083,0.9507788671023966,4.433454248366013,3548.3904891067536,24.0,2008.0
79,4.070367166586395,0.9239853993122321,25.22309620072603,0.9166269757639621,4.29054478398314,3772.9081738672285,24.0,2008.0
83,4.0705017213426595,0.9376239238395175,25.60871637467594,0.9302763018065887,4.357848034006376,3669.2875717322,24.0,2008.0
84,4.210968137972063,0.007324025713166301,23.904181418379917,0.00816151202749141,0.14543298969072163,842.6254037800687,24.0,2008.0
87,4.130785490934083,0.6962458837408647,25.487835720020833,0.690822082536212,4.23631675321126,4905.762540311561,24.0,2008.0
91,4.1327876409997755,0.6900210401744443,25.536147530542536,0.6842504091653028,4.251123840698309,4919.418048554283,24.0,2008.0
95,4.137730987261442,0.6525620765838411,25.116393283510156,0.6470267532467532,4.035221298701299,5185.819317662337,24.0,2008.0
99,4.135482199390235,0.6894028487761957,24.93654575305907,0.6836146839635661,4.3193171404913056,4865.730071211703,24.0,2008.0
103,4.139326441744097,0.6521290223116658,25.09997200587896,0.6467467923540193,4.092517151086672,5147.038997905211,24.0,2008.0
107,4.138977878664847,0.6568967324675313,25.23821057111374,0.6513195767195766,4.08774708994709,5090.337149735449,24.0,2008.0
111,4.1375438860840354,0.6848687577377983,25.076721129383717,0.6789608876560332,4.335140915395285,4845.035082385575,24.0,2008.0
115,4.142130778874384,0.6428013189320935,24.785407292651822,0.6371970726607423,4.076143491897543,5162.952434396236,24.0,2008.0
119,4.143752782064051,0.6353957512752219,24.684734315899224,0.6301226930075383,4.06388718481934,5196.588436703924,24.0,2008.0
123,4.142407348200686,0.6449433922641589,25.22288378016189,0.639825019794141,4.10003299023489,5112.142580364212,24.0,2008.0
127,4.140988175836149,0.6592412796626481,25.651300573733486,0.6538460497835498,4.192531385281385,4981.234488095239,24.0,2008.0
131,4.141220239838989,0.6624066950520238,25.56869332326285,0.6568445171849427,4.210253682487726,4940.638116748501,24.0,2008.0
134,4.145471994664564,0.6261909523367005,25.077792180591818,0.6210964102564103,3.984493846153846,5272.267005897435,24.0,2008.0
137,4.14506668505229,0.6255590922646385,24.88199584693937,0.6203753219989696,3.99543019062339,5247.445333848531,24.0,2008.0
141,4.1439383443857984,0.6488218351577303,24.755786611089874,0.6434511965582146,4.173030653401452,5018.223860446356,24.0,2008.0
145,4.1476035836811835,0.6152408363821585,24.65584653038715,0.6102474967907574,3.981580487804878,5274.959341206675,24.0,2008.0
148,4.144169219623314,0.665558475974455,25.34567237446073,0.6599860529986054,4.219012831241283,4833.305570153417,24.0,2008.0
151,4.131849671664145,0.6848433296419464,27.39475675387948,0.679104887424492,4.169603789126853,4888.23384925865,24.0,2008.0
155,4.137762150724724,0.6556671395283481,26.626627428960465,0.6501194029850746,4.035682036247335,5051.684458155651,24.0,2008.0
159,4.136417646225785,0.6916168312082189,26.04654968144386,0.68565370422935,4.293933579335794,4732.5580056769795,24.0,2008.0
163,4.143293464486577,0.6328237481397365,25.58194804682325,0.6274013054830287,4.021474934725848,5173.021115143603,24.0,2008.0
167,4.141204436224519,0.668387782555242,25.49138644694599,0.6628115619788771,4.255867426347971,4848.3338143413,24.0,2008.0
171,4.143218012656776,0.6491951599580638,25.701157771778043,0.6439580400649703,4.160121819166215,4985.702323768272,24.0,2008.0
175,4.144865101412786,0.6352097009956668,25.613934369346374,0.629941270263088,4.083885197980335,5084.6491841615725,24.0,2008.0
179,4.147948571482696,0.6090395837543104,25.46355915016756,0.6041029525032093,3.9309835686777923,5278.80658279846,24.0,2008.0
183,4.149201403617409,0.6063799232898632,25.33969655722996,0.601528384279476,3.964672232211662,5276.7764438736185,24.0,2008.0
187,4.149406779823055,0.6108325931216374,25.31525129117544,0.6060384615384615,4.032169438669439,5215.472773128898,24.0,2008.0
191,4.149090663397314,0.6146512973678118,25.828563716440225,0.6099627589824286,4.041912929451875,5166.898594282717,24.0,2008.0
195,4.150424193061779,0.6043008559339098,25.734607118644373,0.5994996119016817,3.9817591203104787,5242.099305045278,24.0,2008.0
199,4.146085129079872,0.661310694665889,25.76108296721704,0.6559226613591129,4.372941143019619,4750.557820585726,24.0,2008.0
203,4.1499193977728535,0.626550719865184,25.5710909319272,0.6214532646979138,4.210612571118938,5002.656478461121,24.0,2008.0
207,4.153218272900694,0.5961783460440803,25.430453941726718,0.5915188262788885,4.023898727603219,5233.186272916126,24.0,2008.0
211,4.153201426027839,0.591163548788176,25.88337057270213,0.5864311454311454,3.982587644787645,5281.664006177606,24.0,2008.0
214,4.152014646554811,0.6076684839192972,25.87474661521862,0.6028371845949535,4.1011899070385125,5112.1679787516605,24.0,2008.0
217,4.151753271023818,0.6238567212454819,25.80758127668049,0.6189250617622839,4.2752132857535,4941.9347482843805,24.0,2008.0
221,4.1547198806162084,0.591628247145044,25.5954074570814,0.5868570681996342,4.049670237784165,5208.031810033969,24.0,2008.0
225,4.154952006139019,0.5968690147321589,25.550537731861375,0.5921435774946922,4.079358545647558,5123.909022027601,24.0,2008.0
229,4.155379997866794,0.5972973992880868,25.612623072192534,0.5926027178257394,4.154835598188116,5108.814052757794,24.0,2008.0
233,4.153316766159906,0.6292572025313986,25.748665763785183,0.624249014084507,4.390404788732394,4818.010122535211,24.0,2008.0
237,4.157897041005441,0.5745464300808845,25.6042633567313,0.5700363964894166,4.039383066597831,5283.1163342798145,24.0,2008.0
241,4.158301579574543,0.5742692502982739,25.594290723516522,0.5696691690396065,4.057552161532488,5268.671765984986,24.0,2008.0
245,4.159047289093139,0.5719762498110235,25.571898601563962,0.56728538042067,4.043841859257336,5253.744265385614,24.0,2008.0
249,4.159718967989124,0.5667429941903227,25.578913233960286,0.5624285714285714,4.033983983466804,5286.039977525187,24.0,2008.0
253,4.160264481810484,0.5656098440223736,25.533341503049385,0.5609700180925303,4.065181959162574,5285.651754716981,24.0,2008.0
257,4.159689082589738,0.5820893376953541,25.528501101408494,0.5771745308310992,4.219894369973191,5090.731867828418,24.0,2008.0
261,4.161677857625895,0.5593668610796282,25.343485567182302,0.5547715985514744,4.05894257630626,5288.092907397827,24.0,2008.0
264,4.162950996258241,0.5624551525691621,25.74425872850638,0.5578635533524655,4.122405687451083,5243.553920427864,24.0,2008.0
267,4.1610139719432,0.5627679624873889,25.595338590346493,0.5580069785474283,4.053202636340139,5287.086675368312,24.0,2008.0
271,4.1629084383191435,0.5562210579029739,25.09978697110705,0.5516765924391507,4.097984722941481,5286.067079492491,24.0,2008.0
275,4.161556080063684,0.5854608883421437,25.109807178550145,0.5807631073291243,4.355230304693934,4973.971223991216,24.0,2008.0
279,4.163963297107284,0.5499619432864398,25.371319727334306,0.5457891737891738,4.108718725718726,5289.800881636882,24.0,2008.0
283,4.163591474928629,0.5500855345895314,25.937420351426873,0.5458922837907819,4.0888350595546346,5289.648819782496,24.0,2008.0
287,4.1634038590427345,0.5559954002248091,25.854633339319907,0.5516203363110878,4.143748554913294,5211.362229900157,24.0,2008.0
291,4.161977850610306,0.5846599146768487,25.7875421158109,0.579867479900194,4.398621846409759,4928.52562184641,24.0,2008.0
295,4.165623166892737,0.5423706529012249,25.344864067680145,0.5379463313456053,4.107607985480944,5291.190467202488,24.0,2008.0
299,4.166393374523762,0.5391223880182359,25.2776605000605,0.534769769250713,4.094905885403163,5292.004129115893,24.0,2008.0
303,4.165957512196699,0.5425796127463848,25.790973204291312,0.5380967910253066,4.154475867466736,5261.076480563527,24.0,2008.0
307,4.166355420900779,0.5374246335843941,25.936121509912226,0.5330619974059663,4.126739818417639,5290.498464072634,24.0,2008.0
314,4.165583011785556,0.5455321253346221,25.891013405303514,0.5413309166235111,4.076266960124288,5290.104147332988,24.0,2008.0
317,4.161450485098774,0.5659145930808275,26.428001536271292,0.5612735223959714,4.135919957593427,5154.318826398092,24.0,2008.0
321,4.163428705620306,0.5517468859825273,26.21556986443908,0.547245884504834,4.102669192579044,5237.48545701594,24.0,2008.0
325,4.165103475733391,0.5403687480973643,25.960695609651008,0.5359596273291926,4.041686076604555,5293.715343426501,24.0,2008.0
329,4.1653575923861625,0.5445908373365941,25.838168915840225,0.5401351847000262,4.12750144092219,5234.561206444852,24.0,2008.0
333,4.166173127483916,0.5398317988996303,25.811823765569294,0.5354824699110413,4.104102302459445,5243.539620094191,24.0,2008.0
337,4.166879439346124,0.5333558181112956,25.866599042915983,0.5290904848327715,4.095446460980036,5294.300771065596,24.0,2008.0
341,4.16582569935258,0.5543234174406875,25.932238529516262,0.5498448835950189,4.258237953438008,5063.481130211153,24.0,2008.0
345,4.16768143102544,0.5293894058764592,25.8627841242131,0.525063796680498,4.094283195020747,5295.711222510373,24.0,2008.0
349,4.168396588809721,0.5259649128373239,25.876664410701412,0.5216301583181936,4.100922917207371,5295.5907456527375,24.0,2008.0
353,4.168735204362698,0.5239037468586069,25.90081245653995,0.5196781728523229,4.09731430054503,5296.807792369582,24.0,2008.0
357,4.167738533245542,0.5448665166311562,25.961139619102717,0.5403393824485374,4.276134615384615,5067.56073943662,24.0,2008.0
361,4.169622465731045,0.5200245527389034,25.847581583069786,0.5157510384215992,4.123149273104881,5298.671770768432,24.0,2008.0
365,4.1683659306021825,0.5639413599870164,26.343040591685405,0.5595791829882485,4.4564613878007835,4897.2262937884725,24.0,2008.0
368,4.16712940529248,0.5404870941917305,26.57680877670008,0.5361667992574913,4.224972951471758,5172.983767966057,24.0,2008.0
372,4.165918636441142,0.5700675452978637,26.497126053434993,0.5653293684508638,4.457684791843671,4832.167963749645,24.0,2008.0
376,4.167385475237739,0.53660167916579,26.23246228056812,0.532303841991342,3.8823024891774893,5070.109392316017,24.0,2008.0
380,4.1703511098068216,0.5156965790545791,26.00097947167737,0.5115959491041288,4.100592573357569,5300.765965203844,24.0,2008.0
384,4.1685257209213695,0.5519868280845808,26.304406677546186,0.5477166853303471,4.40130935050392,4902.534017357223,24.0,2008.0
388,4.170374029841988,0.5161189019622676,26.488314685413712,0.5120536368393511,4.083587388801674,5260.4076059654635,24.0,2008.0
392,4.171060912120711,0.5108698391293734,26.360634597576503,0.506745974025974,4.10397974025974,5302.12365012987,24.0,2008.0
396,4.172102471144396,0.5067976189540666,26.01371119236736,0.5027429833679834,4.112068607068607,5302.2602060810805,24.0,2008.0
400,4.169895005190017,0.5457592973240515,26.29772392375029,0.5414852403710992,4.4114138318807985,4885.795675569299,24.0,2008.0
404,4.172224402561897,0.5045087206649608,26.460055536819578,0.5006261366588725,4.103768511301637,5306.562563263185,24.0,2008.0
408,4.172390702305611,0.5033829401421355,26.522125341707827,0.49924122693007533,4.111454380036392,5303.502050428906,24.0,2008.0
412,4.17292540089804,0.5011750295574353,26.30450718951151,0.49696177847113887,4.109927717108684,5304.971977899117,24.0,2008.0
416,4.173506980483201,0.4996699404165846,26.033862750089824,0.4954342961228207,4.128014311735623,5303.707663544106,24.0,2008.0
420,4.173120289801623,0.5119592557446062,26.17387772606165,0.5078736278447121,4.249806157965194,5148.890365194109,24.0,2008.0
424,4.171960284239058,0.5275401796076259,26.580878454594334,0.523431253451132,4.349462175593595,4988.63602512424,24.0,2008.0
428,4.171902834988741,0.5295981797881324,26.844678208638012,0.5251160466407552,4.393865352581899,4957.108769294837,24.0,2008.0
431,4.1712738901121105,0.5301690858655698,26.650851656256684,0.5258811854268625,4.307977977161501,5058.3530603588915,24.0,2008.0
434,4.171468491878122,0.5117506163543526,26.644530238931335,0.5074434531618998,4.158792705326686,5248.452435056416,24.0,2008.0
438,4.172802234100528,0.5081028567646714,26.22137188976638,0.5037741935483872,4.197024061343205,5211.634957694341,24.0,2008.0
442,4.174124314497429,0.4958471921502013,25.981908446070978,0.49164845173041893,4.130865209471767,5304.9221137132445,24.0,2008.0
446,4.174346392804098,0.4976780837881712,25.95725861022818,0.49345132511151923,4.155512988716872,5261.6433101548155,24.0,2008.0
450,4.17489016638359,0.4930261850703223,25.910664889466272,0.4887713987473904,4.14220276617954,5293.836941283926,24.0,2008.0
454,4.17500186209585,0.49249387435076863,25.915316403584885,0.4882366492146597,4.102971727748692,5277.5585806282725,24.0,2008.0
458,4.175515479681168,0.4881521312448845,25.802951721831647,0.4839291851080448,4.09529679770893,5309.8375402239,24.0,2008.0
462,4.174292387595526,0.5207295046813237,25.798431586046714,0.5161040446304045,4.402655509065551,4943.852125523013,24.0,2008.0
466,4.17564359357871,0.49324912975351554,25.716243739071537,0.489024720893142,4.093889154704944,5199.801615629984,24.0,2008.0
470,4.176577322242164,0.4837276930402749,25.721597233349875,0.4795045608548345,4.151890539483972,5310.202042741726,24.0,2008.0
474,4.176790229876768,0.48244872756618973,25.681959267638913,0.47825247782994257,4.135507042253521,5309.512675273865,24.0,2008.0
478,4.176985790150989,0.4840444723396759,25.624925482393323,0.4797389705882353,4.1695995273109245,5272.2984262079835,24.0,2008.0
481,4.177987238970751,0.48598493306923507,26.214209031070983,0.4815535853976532,4.239882659713168,5304.551162451108,24.0,2008.0
483,4.173973017733684,0.49112574705055223,26.418135656045987,0.48664853556485355,4.109578713389121,5280.607135721757,24.0,2008.0
486,4.17659968208389,0.4829749186871232,26.041050682309145,0.47845805106826467,4.1276052631578946,5307.923425742574,24.0,2008.0
490,4.177020484618747,0.4810830469866139,25.78429991090836,0.4764467918622848,4.151132237871675,5309.763938967137,24.0,2008.0
494,4.176949472748766,0.49105758997788396,25.89460433493637,0.4867044295302013,4.235854765100671,5152.219626845637,24.0,2008.0
498,4.177167687873663,0.4824992021317718,26.21291162607548,0.4782140785657791,4.156157395201688,5251.0009509623,24.0,2008.0
502,4.176615170009567,0.4948718422742959,26.189195744166067,0.4902,4.277740810810811,5116.79591891892,24.0,2008.0
506,4.176632324656065,0.5046731629853417,25.925635492800915,0.49989387642006095,4.398357439733998,4990.347112773622,24.0,2008.0
510,4.178482558143892,0.47658965552649,25.56161801380306,0.4722402102496715,4.199393429697766,5273.744972404731,24.0,2008.0
514,4.178606107587668,0.4783950731989409,25.662187990962515,0.4742599364069952,4.223934287228405,5229.915769475358,24.0,2008.0
518,4.178293208291327,0.48013952405225957,25.980230716549915,0.47579091392136025,4.224223432518597,5214.798158342189,24.0,2008.0
522,4.1770810163384215,0.5091449035270569,25.8806869522218,0.5044433106575964,4.396607993197279,4877.433858843538,24.0,2008.0
526,4.1790092292724275,0.48258452144193187,25.489728914515275,0.478092816787732,4.280150928167878,5151.925052730697,24.0,2008.0
530,4.179651289471171,0.47672479393770617,25.273691508203626,0.47242261427425825,4.268967923015237,5188.932179363806,24.0,2008.0
534,4.180323596506419,0.464030392449307,25.44947305264886,0.46008335510844006,4.158064541416253,5313.019364515286,24.0,2008.0
538,4.178397414005577,0.5004880344037268,25.781794240772303,0.4960439684329199,4.433005073280722,4910.733248308907,24.0,2008.0
542,4.179704118943526,0.475078474309667,25.688642533573844,0.470983409151726,4.237402997056463,5184.196853090714,24.0,2008.0
546,4.183127253755657,0.4667767313325743,25.5473433758295,0.4627296519235802,4.362189479193928,5308.132403035855,24.0,2008.0
549,4.177677029642594,0.48095653533889965,25.858105200686055,0.47684613375130613,4.222864158829676,5302.436022727273,24.0,2008.0
553,4.178254104663736,0.4825066498989108,25.762271564177254,0.47825946666666663,4.2160850666666665,5192.2937456,24.0,2008.0
557,4.177786450146732,0.5029299771656236,25.665322106933754,0.4985470109458322,4.427703620544484,4929.022732809431,24.0,2008.0
561,4.179042925040038,0.48306139940145293,25.53301497756282,0.4787956639566396,4.257939024390244,5114.938810569105,24.0,2008.0
565,4.1796653012106955,0.4762789186346184,25.460985558962392,0.47213458445040213,4.221377747989276,5173.370797319035,24.0,2008.0
569,4.179397929492487,0.48753508913297783,25.49740108799641,0.48325709561862773,4.363574538440342,5030.3868536786995,24.0,2008.0
573,4.1801193410650805,0.47228175764909985,25.448154568524696,0.468122192513369,4.217568181818182,5192.038078609626,24.0,2008.0
577,4.180905341006991,0.46012087450291733,25.331277760037743,0.45617468619246865,4.12740010460251,5313.3942541841,24.0,2008.0
581,4.180026342503464,0.48226181054869705,25.474169291837303,0.47802916895982384,4.303129884424877,5040.454734177215,24.0,2008.0
585,4.180051194279357,0.4817078695645897,25.517578140682186,0.4775008241758242,4.3242414835164835,5050.898850824176,24.0,2008.0
589,4.180646937833196,0.47029194969752847,25.507755071863212,0.46620450885668274,4.2418174986580786,5179.534544283414,24.0,2008.0
593,4.180771276246327,0.4730807904400041,25.50114283857661,0.4692754409769335,4.305479511533243,5119.658392130258,24.0,2008.0
597,4.180328900165391,0.48514209454081847,25.47614046458346,0.48122259321090705,4.429645242070117,4985.484129104063,24.0,2008.0
601,4.18089241375241,0.47651105486530104,25.50648704649774,0.472509195717815,4.333941806203678,5060.090054899808,24.0,2008.0
605,4.181591749623686,0.46321750047156923,25.517452651606238,0.4593193254817987,4.252484743040685,5195.06177382227,24.0,2008.0
609,4.180124598026874,0.4939321363212388,25.66485525147625,0.48972880870561286,4.423386311569302,4845.798687571592,24.0,2008.0
612,4.180701556427969,0.48985729035199777,25.433646971948875,0.4860638179800222,4.431493618201998,4999.656693673695,24.0,2008.0
615,2.8846037057332743,-0.0009532872533643702,23.38001221409399,-0.0008,2.8478000000000003,5.803,24.0,2008.0
0,4.17854553677729,0.6797346123174814,25.318868966701046,0.6771634980988593,4.356475285171102,2725.9524334600765,24.0,2008.0
2,4.0402737940086615,0.9988238278422329,27.09775038276125,0.9946617021276596,4.386374468085107,3685.339534042553,24.0,2008.0
4,4.038932794121953,1.001249154853667,27.24330950353038,0.9970021344717183,4.42559658484525,3665.6367865528277,24.0,2008.0
6,4.041573195545713,1.0020170134935378,27.173138796303842,0.9976677384780278,4.463773847802787,3636.451544480172,24.0,2008.0
8,4.044519343833572,0.9944556109904055,27.058181783567154,0.9900426894343649,4.521508004268943,3666.7736456776947,24.0,2008.0
10,4.047097190632797,0.9793026142533058,27.010664589975647,0.9751922268907562,4.517474789915966,3774.646442226891,24.0,2008.0
12,4.0494396861056625,0.9753626814919586,27.09206379004236,0.9713918067226891,4.51721218487395,3776.138970588235,24.0,2008.0
14,4.042873827434288,1.0069463747004403,27.295000789108386,1.0027695652173914,4.402735869565217,3542.7558000000004,24.0,2008.0
16,4.044418810558217,1.0030931855410699,27.231094729512908,0.9989826275787188,4.343343105320304,3547.597802388708,24.0,2008.0
18,4.046394243580996,0.9990995986808431,27.153987730434693,0.9951357220412594,4.3751954397394135,3553.5005667752444,24.0,2008.0
20,4.047522733576512,1.0009096025947495,27.145539720170813,0.9967391304347826,4.413079347826087,3541.39825,24.0,2008.0
22,4.0473136788819035,1.0032423236761796,27.10512750876945,0.9991533406352683,4.367774370208105,3498.81147754655,24.0,2008.0
23,4.085066306035491,0.9460815685793384,27.100618830315568,0.9425139353400223,4.403257525083612,3370.996879598662,24.0,2008.0
25,4.051166664155547,0.9991850155707779,27.34643005152544,0.9951502192982457,4.525565789473684,3485.093736842105,24.0,2008.0
27,4.058254218359525,0.9570804534580898,27.13044941257913,0.9531850683491061,4.51682334384858,3764.170446898002,24.0,2008.0
29,4.052641062554042,0.9961113275637887,27.16494621497475,0.99206586169045,4.441450054884742,3475.6279758507135,24.0,2008.0
31,4.054775482005673,0.9898858302355602,27.122265060515833,0.9859573304157548,4.3591411378555796,3498.664772428884,24.0,2008.0
33,4.057168542660257,0.9915567197284343,27.091186922536302,0.9876081229418222,4.477003293084523,3479.2100944017566,24.0,2008.0
35,4.057851780907196,0.9838409640545818,27.064754224863968,0.9799058050383351,4.451852135815991,3494.519451259584,24.0,2008.0
37,4.060600437907517,0.9733033796140876,27.096833265509154,0.9693644251626897,4.527635574837309,3554.9388188720172,24.0,2008.0
39,4.080872787384854,0.9594710456638,25.621036972906793,0.9551907824222936,4.203546623794212,3616.7048488745977,24.0,2008.0
43,4.045174541374003,1.0002208792099214,26.018916084630686,0.9960388349514563,4.420058252427185,3597.4414412081983,24.0,2008.0
47,4.051548873709219,0.9960569215894777,26.11363000720855,0.9913419913419913,4.530025974025974,3590.0744740259743,24.0,2008.0
51,4.054876346836676,1.001375175349596,25.760828939548123,0.9965109409190371,4.522310722100657,3519.932525164114,24.0,2008.0
55,4.0652768150256735,0.959625076072272,25.50924394673222,0.955097894736842,4.528101052631579,3774.5277978947365,24.0,2008.0
59,4.06384303363487,0.9877886479532088,25.50074158941563,0.983235807860262,4.52617903930131,3529.846305676856,24.0,2008.0
63,4.066132819284077,0.9825181788426086,25.44745403999636,0.9778404371584699,4.365275409836065,3524.583791256831,24.0,2008.0
67,4.0717924890729655,0.9547502569896177,25.35165596341926,0.9501443736730361,4.531429936305733,3717.5985360934183,24.0,2008.0
71,4.07421858176447,0.952456875355821,25.2638879248557,0.94795101171459,4.533758253461128,3696.9465559105433,24.0,2008.0
75,4.072241149512793,0.9686931208219152,25.32344394016347,0.9641318082788671,4.384029411764706,3548.3904891067536,24.0,2008.0
79,4.079543683954575,0.9346191387122413,25.30430590581506,0.930331928345627,4.530973656480506,3772.9081738672285,24.0,2008.0
83,4.085586906504732,0.944087760527454,25.322091423663814,0.9400371944739638,4.540736450584484,3669.2875717322,24.0,2008.0
84,4.205390789780384,0.08668101145677445,23.82084266180423,0.08693470790378006,4.244020618556701,842.6254037800687,24.0,2008.0
87,4.129876207718454,0.7198667502052503,25.536564067789637,0.7170267832741185,4.4834162339437,4905.762540311561,24.0,2008.0
91,4.1333834302816355,0.7069779186756158,25.56741667631952,0.7038791598472449,4.481319967266776,4919.418048554283,24.0,2008.0
95,4.138693587672253,0.6672021050818769,25.15735403314838,0.6640885714285715,4.4678818181818185,5185.819317662337,24.0,2008.0
99,4.137278474891531,0.6988085786346139,24.989538945227892,0.6957270218051338,4.399414021529119,4865.730071211703,24.0,2008.0
103,4.1414571010246455,0.6608854225730669,25.180745399490828,0.6580052369730296,4.466800733176224,5147.038997905211,24.0,2008.0
107,4.141645479496477,0.6634816539120678,25.292235216630523,0.6603558201058201,4.468743121693122,5090.337149735449,24.0,2008.0
111,4.14089223010424,0.688201244296354,25.123547635530368,0.6848918169209431,4.480219972260749,4845.035082385575,24.0,2008.0
115,4.145384297144703,0.6456652982089215,24.845898768603192,0.642518034500784,4.463603240982749,5162.952434396236,24.0,2008.0
119,4.147133824093723,0.636841062628422,24.745480280733183,0.6339797244606187,4.461266701325708,5196.588436703924,24.0,2008.0
123,4.14686600265132,0.6426056541099174,25.299694728587994,0.6400269200316706,4.464825811559778,5112.142580364212,24.0,2008.0
127,4.146165272892503,0.6545309456013868,25.719099276376976,0.6517010281385281,4.469464826839827,4981.234488095239,24.0,2008.0
131,4.1467730055348575,0.6559124018187802,25.607949607087512,0.6528914348063284,4.470726132024004,4940.638116748501,24.0,2008.0
134,4.152354380509434,0.6252403280862147,25.15239521946869,0.6224469230769231,4.460734358974359,5272.267005897435,24.0,2008.0
137,4.149073473832747,0.6288014634575095,24.956784398728235,0.6257859350850077,4.460148634724368,5247.445333848531,24.0,2008.0
141,4.149319265033265,0.6440540683657685,24.845753514136497,0.6410392578650175,4.466274805055122,5018.223860446356,24.0,2008.0
145,4.152958435765652,0.6094211464181148,24.759253545817227,0.6065892169448011,4.453482413350449,5274.959341206675,24.0,2008.0
148,4.150611801337876,0.6564647881422182,25.3858152738103,0.6536072524407252,4.37951520223152,4833.305570153417,24.0,2008.0
151,4.133464624796557,0.70010151484671,27.38047858561585,0.6968739703459638,4.477654310818232,4888.23384925865,24.0,2008.0
155,4.140296135804,0.6658522396092803,26.646363956512182,0.66271881663113,4.468720682302772,5051.684458155651,24.0,2008.0
159,4.140774096111559,0.6932889967479453,26.100358589607758,0.6899954584161225,4.385133125177406,4732.5580056769795,24.0,2008.0
163,4.147814314370267,0.6331255913984261,25.649456483530546,0.6300976501305483,4.4598253263707575,5173.021115143603,24.0,2008.0
167,4.147155030260045,0.6621310832775887,25.59348533692894,0.6590967204002223,4.473273763201779,4848.3338143413,24.0,2008.0
171,4.149659891227396,0.6404057119410048,25.80802143843077,0.6377276664861938,4.4660736329182456,4985.702323768272,24.0,2008.0
175,4.151763891899817,0.6245211085260329,25.690981294880913,0.6216431039064576,4.459538665958012,5084.6491841615725,24.0,2008.0
179,4.154792029296989,0.5978185415720131,25.577958645380264,0.5951406931964056,4.451051861360719,5278.80658279846,24.0,2008.0
183,4.155969601476407,0.5933997772613404,25.46098104903186,0.5908081171333163,4.449875160544567,5276.7764438736185,24.0,2008.0
187,4.156491909347314,0.595822004637786,25.436993851892336,0.5933609667359666,4.452239085239086,5215.472773128898,24.0,2008.0
191,4.156718541366754,0.5983673361832751,25.938054463156547,0.5961030684500392,4.45420508785733,5166.898594282717,24.0,2008.0
195,4.158143863599229,0.586616315407851,25.848663621482324,0.5841673997412677,4.450176714100905,5242.099305045278,24.0,2008.0
199,4.155601040919429,0.6364236922777519,25.88947964308707,0.6336272391242537,4.470577480807506,4750.557820585726,24.0,2008.0
203,4.158789297211486,0.6031676913352987,25.703878336708023,0.6006383094012463,4.457872934164183,5002.656478461121,24.0,2008.0
207,4.161275046209055,0.5759517175694431,25.559248674341752,0.5736471046481433,4.447697221500908,5233.186272916126,24.0,2008.0
211,4.1618266146992635,0.5687842341882284,26.033525396777186,0.5664635778635778,4.445192535392535,5281.664006177606,24.0,2008.0
214,4.160877646372477,0.5828290255900604,25.992986590762236,0.5804084993359894,4.450491367861885,5112.1679787516605,24.0,2008.0
217,4.161425110425687,0.5970380603473269,25.919135612812614,0.5944147680483118,4.458065605270382,4941.9347482843805,24.0,2008.0
221,4.163958276098405,0.5663705300732973,25.692906565192622,0.5639365037888685,4.445712568591587,5208.031810033969,24.0,2008.0
225,4.164464208785288,0.5710396137689808,25.652455059158342,0.5686897558386411,4.4491679936305735,5123.909022027601,24.0,2008.0
229,4.165089280369284,0.5692244878427767,25.717361357770532,0.5669264588329336,4.44925099920064,5108.814052757794,24.0,2008.0
233,4.163425204405362,0.5959811734334365,25.864876174531357,0.593585352112676,4.25759352112676,4818.010122535211,24.0,2008.0
237,4.167052922452992,0.5485550099310486,25.698809219589723,0.5463358286009293,4.441215023231802,5283.1163342798145,24.0,2008.0
241,4.167771935858787,0.5458148986850702,25.687446717455636,0.5436287859176806,4.439611183018379,5268.671765984986,24.0,2008.0
245,4.168306510996149,0.5449248932251932,25.67540034504107,0.5427179953258894,4.440403271877434,5253.744265385614,24.0,2008.0
249,4.169166700830441,0.5386889865099005,25.668763538927504,0.5364195298372514,4.43834203048308,5286.039977525187,24.0,2008.0
253,4.169644676616033,0.5365668293237158,25.63377638855461,0.5343592659601965,4.4377808219178085,5285.651754716981,24.0,2008.0
257,4.169269558498213,0.553100821808292,25.625938785360578,0.5506150134048257,4.4444581769437,5090.731867828418,24.0,2008.0
261,4.170825436817313,0.5317686354461681,25.457904643596315,0.5293949818934298,4.436270563890326,5288.092907397827,24.0,2008.0
264,4.174750285186773,0.5282992088670135,25.836963360909557,0.5262752413253327,4.4396603182885475,5243.553920427864,24.0,2008.0
267,4.1691977730813585,0.5473746353612304,25.705316618203266,0.5448562936159215,4.44123210131817,5287.086675368312,24.0,2008.0
271,4.171119131265599,0.5362529770375111,25.199061438892777,0.5335191610564475,4.43761574313827,5286.067079492491,24.0,2008.0
275,4.170591339259446,0.5613395046884002,25.244891582118854,0.5588270656052704,4.450194070820753,4973.971223991216,24.0,2008.0
279,4.17248276051658,0.5272464603595834,25.478299525410506,0.5252318052318052,4.435597513597513,5289.800881636882,24.0,2008.0
283,4.172394176533348,0.5256098272283878,26.039245154556546,0.5236897980321077,4.435482133609528,5289.648819782496,24.0,2008.0
287,4.172402910068512,0.5305256662407057,25.976042593693705,0.5283859695218077,4.436686284813453,5211.362229900157,24.0,2008.0
291,4.171688063914414,0.5556766910790686,25.919206758618333,0.5533268644302745,4.4478516772941505,4928.52562184641,24.0,2008.0
295,4.174044409713007,0.5190921315878818,25.445615862630408,0.5168006222452683,4.4326261343012705,5291.190467202488,24.0,2008.0
299,4.174780078270172,0.5158010234199555,25.395678108430275,0.5137021000777806,4.4320391495981335,5292.004129115893,24.0,2008.0
303,4.174543851075507,0.5170220533466728,25.907732220074237,0.514899295590921,4.432926689277329,5261.076480563527,24.0,2008.0
307,4.174566149404988,0.5142582127835251,26.05226931839347,0.5120757457846952,4.43176186770428,5290.498464072634,24.0,2008.0
314,4.173693627167618,0.5295779915724357,25.93431372564645,0.5277001553599171,4.4374290523045055,5290.104147332988,24.0,2008.0
317,4.167560827475247,0.5612710324917062,26.517755793424023,0.5589931089318845,4.446354094884708,5154.318826398092,24.0,2008.0
321,4.169913578643362,0.5429231051487384,26.296792336298168,0.5406647504572771,4.439871701071335,5237.48545701594,24.0,2008.0
325,4.171532395838358,0.5314085837429656,26.03904064199693,0.5291534679089026,4.435806935817805,5293.715343426501,24.0,2008.0
329,4.172498324803942,0.5310585279680569,25.90252654964816,0.5288553838092742,4.437078857741683,5234.561206444852,24.0,2008.0
333,4.1731887388414854,0.5267581441465317,25.877092731363224,0.5246339612768184,4.4357676609105186,5243.539620094191,24.0,2008.0
337,4.173938904887936,0.5187408122236844,25.931416422741325,0.5166816178376976,4.433189266269122,5294.300771065596,24.0,2008.0
341,4.173400552968585,0.537581223293564,26.00842813210306,0.5354510016242555,4.441483216025988,5063.481130211153,24.0,2008.0
345,4.174885302655925,0.5140370084774509,25.9304594999863,0.5119774377593361,4.431027230290456,5295.711222510373,24.0,2008.0
349,4.1753181999081415,0.5110755594792636,25.947381066960602,0.5090280301064105,4.43021359979237,5295.5907456527375,24.0,2008.0
353,4.175615707899824,0.5091562583031799,25.97159894270595,0.5071173111860887,4.429784842979497,5296.807792369582,24.0,2008.0
357,4.175150889309921,0.5281951183651558,26.033603358388206,0.5259108884073673,4.439154387865655,5067.56073943662,24.0,2008.0
361,4.1765045776973535,0.5046139977332915,25.909829677995837,0.5024865005192108,4.427731308411214,5298.671770768432,24.0,2008.0
365,4.176745651188443,0.5411517215093412,26.41227975974544,0.5393578623391159,4.444221880246222,4897.2262937884725,24.0,2008.0
368,4.17382701715403,0.5290052736469804,26.686445558767225,0.5269774595597985,4.43705568814638,5172.983767966057,24.0,2008.0
372,4.173723458924574,0.5525058928176731,26.606458183179758,0.5502642310960068,4.445818181818182,4832.167963749645,24.0,2008.0
376,4.175356086603463,0.5259768851452232,26.340043075472312,0.5238652597402597,4.436839556277056,5070.109392316017,24.0,2008.0
380,4.17700126551386,0.5008667111023692,26.10257345827895,0.4990355751752791,4.427966761880031,5300.765965203844,24.0,2008.0
384,4.175978439491435,0.5337549199368348,26.41341494885895,0.5320263157894737,4.4422472004479285,4902.534017357223,24.0,2008.0
388,4.177288870633245,0.5000836536825167,26.584568753917836,0.4982433281004709,4.426822082679225,5260.4076059654635,24.0,2008.0
392,4.177855739421221,0.49432641563869495,26.461961901409264,0.4923924675324675,4.425726753246753,5302.12365012987,24.0,2008.0
396,4.178526044718228,0.4918618552792198,26.121216404378323,0.490024948024948,4.424740644490645,5302.2602060810805,24.0,2008.0
400,4.177172618632017,0.5273070937271361,26.409310711304137,0.5255015462468372,4.441320775934776,4885.795675569299,24.0,2008.0
404,4.178585522762485,0.4901430380133539,26.55443231997473,0.48856300337750064,4.424557547414913,5306.562563263185,24.0,2008.0
408,4.178699556417778,0.4885370368800124,26.61726658220038,0.4867114634780348,4.423004419027814,5303.502050428906,24.0,2008.0
412,4.179152897117854,0.48626421763044825,26.399750319384214,0.48436375455018205,4.422316432657306,5304.971977899117,24.0,2008.0
416,4.179687026714319,0.4844803138932557,26.124475808397168,0.4825443663804319,4.421965131407755,5303.707663544106,24.0,2008.0
420,4.179503145069986,0.4957478306782473,26.26020263178304,0.4941325301204819,4.427687282463186,5148.890365194109,24.0,2008.0
424,4.1789032172148595,0.5092029154117286,26.670370279195048,0.5075251242407509,4.434447266703479,4988.63602512424,24.0,2008.0
428,4.17845646237936,0.5131955420694344,26.95057058680987,0.5111604664075514,4.434462243198223,4957.108769294837,24.0,2008.0
431,4.177248046135666,0.517817703623052,26.724546900957048,0.5158384991843393,4.43628738444807,5058.3530603588915,24.0,2008.0
434,4.177076313780446,0.5023281755502775,26.742962123720645,0.5000997113618473,4.427403831015481,5248.452435056416,24.0,2008.0
438,4.178244586506249,0.4979215106331397,26.311611774381017,0.4957234267583289,4.426722369116869,5211.634957694341,24.0,2008.0
442,4.1795700196828705,0.4849702868977857,26.06284845842712,0.4828449128285193,4.421991412958626,5304.9221137132445,24.0,2008.0
446,4.179746146558016,0.4858555172794399,26.038273335849972,0.48376331671477296,4.422612700078719,5261.6433101548155,24.0,2008.0
450,4.180475236713375,0.48004957759847827,25.98257167907809,0.47798460334029225,4.420204331941545,5293.836941283926,24.0,2008.0
454,4.180575458045295,0.47949237016241003,25.98889751886105,0.47737094240837696,4.4202078534031415,5277.5585806282725,24.0,2008.0
458,4.180989327010452,0.475090135918098,25.87381724514803,0.47294532673782863,4.418036448841447,5309.8375402239,24.0,2008.0
462,4.180259837044143,0.5040844460443358,25.866725578506443,0.5018100418410042,4.431319944211995,4943.852125523013,24.0,2008.0
466,4.181385692481847,0.4803185286719207,25.77918241614055,0.47816879319510897,4.420982987772462,5199.801615629984,24.0,2008.0
470,4.1817308381034755,0.47012523439955944,25.779594856251975,0.46801772217878546,4.416842064112588,5310.202042741726,24.0,2008.0
474,4.182001396978748,0.4677605582426465,25.739149646920637,0.4656471048513302,4.415791340636411,5309.512675273865,24.0,2008.0
478,4.182128535941678,0.4689011438219853,25.68008908964709,0.46667279411764706,4.415714548319328,5272.2984262079835,24.0,2008.0
481,4.182838373832587,0.4696731590059365,26.1731748829291,0.46742216427640154,4.417558800521513,5304.551162451108,24.0,2008.0
483,4.178933402506249,0.48012527879302797,26.412927199212106,0.4777669979079498,4.418189853556485,5280.607135721757,24.0,2008.0
486,4.181529998801519,0.4695604333125971,26.01498124223845,0.4671641479937467,4.415472381448671,5307.923425742574,24.0,2008.0
490,4.1820194225661815,0.46606025935051204,25.743698100268986,0.46356807511737086,4.413726917057903,5309.763938967137,24.0,2008.0
494,4.182166822631962,0.4754174565547831,25.849366387166373,0.4730590604026846,4.419431140939597,5152.219626845637,24.0,2008.0
498,4.182002618515247,0.4679037566586768,26.16090604959136,0.4657985763248088,4.415619825995255,5251.0009509623,24.0,2008.0
502,4.181834582640987,0.47680476708332814,26.14967450792951,0.474417027027027,4.419068648648649,5116.79591891892,24.0,2008.0
506,4.1819098858292945,0.48586206426887757,25.88741440866421,0.48336048766971457,4.4230978110279855,4990.347112773622,24.0,2008.0
510,4.183197517427232,0.4593797604294574,25.497625818790674,0.4571658344283837,4.412028383705651,5273.744972404731,24.0,2008.0
514,4.183464592697866,0.45981886625979207,25.583751105596896,0.45780975092739795,4.413070747217806,5229.915769475358,24.0,2008.0
518,4.183120158655426,0.46131118001697813,25.901434373433872,0.4591001594048884,4.413187566418704,5214.798158342189,24.0,2008.0
522,4.182413374403951,0.4873820364177546,25.812500717956773,0.48497137188208617,4.392781462585034,4877.433858843538,24.0,2008.0
526,4.18370305418643,0.46275020047473325,25.418015652812915,0.46047726661285987,4.414394135055152,5151.925052730697,24.0,2008.0
530,4.184213258814413,0.4561251998698994,25.184158283341244,0.4539740711039829,4.41162389735365,5188.932179363806,24.0,2008.0
534,4.1844828823674325,0.44639886417252106,25.355781917203956,0.4444810556571727,4.407883982231513,5313.019364515286,24.0,2008.0
538,4.183364628261381,0.4785034995896854,25.68149669765411,0.4762953776775648,4.421228579481398,4910.733248308907,24.0,2008.0
542,4.184200224556769,0.45399145399528223,25.591813739883985,0.45202515386673797,4.4105592721434315,5184.196853090714,24.0,2008.0
546,4.186273511206201,0.44199100894115206,25.497613624329297,0.44016042920701387,4.407231876472127,5308.132403035855,24.0,2008.0
549,4.1825191492621805,0.45913878417159143,25.84421874752408,0.4571170323928945,4.411217345872518,5302.436022727273,24.0,2008.0
553,4.183146901150216,0.45837614287232686,25.742753320720922,0.4563005333333333,4.411798933333333,5192.2937456,24.0,2008.0
557,4.183234691854297,0.4741766263280676,25.638392621114672,0.47208925063149026,4.418947516138086,4929.022732809431,24.0,2008.0
561,4.184017765217709,0.455851298363232,25.495632764437612,0.4538,4.410847154471544,5114.938810569105,24.0,2008.0
565,4.184506044897757,0.4485436673529444,25.428938070318736,0.4465517426273458,4.407948525469169,5173.370797319035,24.0,2008.0
569,4.1845526509620665,0.45596473265815407,25.452360068893437,0.4539203637365666,4.411609809864976,5030.3868536786995,24.0,2008.0
573,4.185044305278332,0.4416977641575393,25.399233871624016,0.43965748663101606,4.405252139037433,5192.038078609626,24.0,2008.0
577,4.18550919440487,0.43003042392131685,25.2820272954604,0.4281161087866109,4.400361924686193,5313.3942541841,24.0,2008.0
581,4.1849861835985696,0.44813813391317475,25.41799675980421,0.44620858558062737,4.353985140341222,5040.454734177215,24.0,2008.0
585,4.1853157930986615,0.4459610400948337,25.454072385369944,0.44402417582417586,4.40801510989011,5050.898850824176,24.0,2008.0
589,4.185698076549506,0.4336735856198965,25.429946661301255,0.43179280730005365,4.402432903918411,5179.534544283414,24.0,2008.0
593,4.185822767349111,0.4356243203367186,25.42050671654486,0.4336149253731343,4.4035853459972865,5119.658392130258,24.0,2008.0
597,4.183379948808009,0.4385647157747073,25.397105626124826,0.4367161936560935,3.785289371174179,4985.484129104063,24.0,2008.0
601,4.186038120685106,0.4372038286477613,25.419424201944214,0.4353848476530332,4.404312928904749,5060.090054899808,24.0,2008.0
605,4.186458410641472,0.4234663540479643,25.43245953723946,0.4216854925053533,4.398319593147751,5195.06177382227,24.0,2008.0
609,4.185803839712749,0.44935332260144684,25.575462366747356,0.4474739404352806,4.409526918671249,4845.798687571592,24.0,2008.0
612,4.185713841585135,0.44643816763087046,25.30089012739764,0.44494145394006657,4.408606548279689,4999.656693673695,24.0,2008.0
615,3.026934487924202,-0.0014025788512388184,22.987996438827178,-0.0006000000000000001,2.8340000000000005,5.803,24.0,2008.0
0,4.189507926171337,0.657225274788553,25.115926436461894,0.6621883396704689,4.271169835234474,2725.9524334600765,24.0,2008.0
2,4.052903759371663,0.9550493059431925,26.756606170640403,0.9614282978723405,4.376724468085106,3685.339534042553,24.0,2008.0
4,4.0484888632002844,0.9566637790683153,26.78896518782561,0.9630779082177161,4.354108858057631,3665.6367865528277,24.0,2008.0
6,4.047760658857355,0.9602990981753398,26.79094998753441,0.9667372990353698,4.349350482315113,3636.451544480172,24.0,2008.0
8,4.04822297570294,0.9567567396064011,26.726850930641444,0.9627694770544291,4.344615795090715,3666.7736456776947,24.0,2008.0
10,4.049879067690307,0.941081430882649,26.62077399993095,0.9471830882352941,4.257829831932773,3774.646442226891,24.0,2008.0
12,4.050759108978297,0.9381438417793193,26.58924306987374,0.9443293067226891,4.235237394957983,3776.138970588235,24.0,2008.0
14,4.044734526765342,0.9714237873848344,26.74846360058507,0.9775202173913045,4.399827173913043,3542.7558000000004,24.0,2008.0
16,4.043475031336312,0.9708134573226749,26.803730158077013,0.9769462540716612,4.370522258414767,3547.597802388708,24.0,2008.0
18,4.043487576569312,0.969493151522299,26.78643062225572,0.9757685124864278,4.379498371335505,3553.5005667752444,24.0,2008.0
20,4.043393946582859,0.971049086675056,26.717163571192394,0.9773697826086957,4.384393478260869,3541.39825,24.0,2008.0
22,4.042609172722694,0.9772515046243129,26.78092257305973,0.9836785323110625,4.3861905805038335,3498.81147754655,24.0,2008.0
23,4.083839046288738,0.9327747701425856,26.84939514355575,0.9390075808249722,4.369759197324415,3370.996879598662,24.0,2008.0
25,4.042846696176429,0.9765825046761388,27.007028938797088,0.9828961622807018,4.394621710526316,3485.093736842105,24.0,2008.0
27,4.048321143107591,0.9367527511198251,26.826630905506512,0.9428737118822292,4.208594111461619,3764.170446898002,24.0,2008.0
29,4.042805773132121,0.9780048981914566,26.845102423271214,0.9842308452250275,4.412373216245884,3475.6279758507135,24.0,2008.0
31,4.045560380508014,0.9713299948475255,26.64132190339396,0.9776390590809628,4.380451859956237,3498.664772428884,24.0,2008.0
33,4.044533741116961,0.9736960061342099,26.630410829604692,0.9800958287596049,4.380650933040615,3479.2100944017566,24.0,2008.0
35,4.044230721552821,0.9714159558670731,26.732842671781054,0.9777861993428258,4.360902519167579,3494.519451259584,24.0,2008.0
37,4.0483283369868595,0.9597080129511603,26.680612495729743,0.9661138828633407,4.302057483731019,3554.9388188720172,24.0,2008.0
39,4.074946565045077,0.9481045644637047,25.345115156637892,0.953582100750268,4.347907824222936,3616.7048488745977,24.0,2008.0
43,4.0497034511262955,0.9677294548207197,25.81811264335102,0.9736869471413161,4.357154261057174,3597.4414412081983,24.0,2008.0
47,4.047740326560617,0.9694986654654368,25.908545561555126,0.9749508658008658,4.343107142857143,3590.0744740259743,24.0,2008.0
51,4.047339918204985,0.9763265840568762,25.457306030924418,0.9817844638949672,4.37532056892779,3519.932525164114,24.0,2008.0
55,4.052602643278332,0.9401045747552431,25.20812422476933,0.9454895789473684,4.219046315789473,3774.5277978947365,24.0,2008.0
59,4.048938302632183,0.9744267167666858,25.198908450122424,0.979857423580786,4.385508733624454,3529.846305676856,24.0,2008.0
63,4.05016241592548,0.9719628515731636,25.088377505443955,0.9773261202185793,4.352604371584699,3524.583791256831,24.0,2008.0
67,4.0543133551526624,0.9443066238369471,24.9948838206419,0.9496031847133758,4.241992569002123,3717.5985360934183,24.0,2008.0
71,4.056876740812042,0.9442998697568392,24.88975595599089,0.9496308839190628,4.253383386581469,3696.9465559105433,24.0,2008.0
75,4.053513642975223,0.9650472361533328,24.914746778130713,0.9705677559912854,4.349185185185186,3548.3904891067536,24.0,2008.0
79,4.058658000726497,0.9333752539886807,24.945473030337098,0.938804847207587,4.194315068493151,3772.9081738672285,24.0,2008.0
83,4.064996960368117,0.9431909350554794,24.984956800651023,0.9488116896918173,4.296742826780021,3669.2875717322,24.0,2008.0
84,4.220314994509881,0.07006667724829657,23.601078570891087,0.07170137457044674,3.662005154639175,842.6254037800687,24.0,2008.0
87,4.127871654254531,0.7079163619781903,25.248574765785964,0.7125504509428806,4.1118876742279316,4905.762540311561,24.0,2008.0
91,4.129220845194228,0.7033962205591464,25.264811852981598,0.7077157392253137,4.090341516639389,4919.418048554283,24.0,2008.0
95,4.134788878196348,0.6659073348724488,24.832959741612573,0.6699458181818182,3.9216428571428574,5185.819317662337,24.0,2008.0
99,4.1315150497885975,0.7047829847696265,24.674852171119067,0.7091708252829148,4.140442727021806,4865.730071211703,24.0,2008.0
103,4.136266746327735,0.6657786122600697,24.895406841356955,0.6698958889761718,3.92778764074365,5147.038997905211,24.0,2008.0
107,4.135417505544552,0.6726332872106385,24.993919378962513,0.6765466931216931,3.9775134920634923,5090.337149735449,24.0,2008.0
111,4.133265688028331,0.7027319070255572,24.80297144486912,0.7067370873786408,4.177653259361997,4845.035082385575,24.0,2008.0
115,4.139035094131205,0.6583616656362965,24.51176932541328,0.6622072922111867,3.9568319393622584,5162.952434396236,24.0,2008.0
119,4.140171363171507,0.652156806609188,24.44267945496156,0.6562323108916038,3.9257203015336626,5196.588436703924,24.0,2008.0
123,4.13929567747795,0.6607051355598498,24.98061830520359,0.6650679862760622,3.9805587226181047,5112.142580364212,24.0,2008.0
127,4.137154952140779,0.6768531523870726,25.37806773198085,0.6810799242424243,4.046471861471861,4981.234488095239,24.0,2008.0
131,4.137424160656775,0.6802945729581925,25.25198951518979,0.6844243044189854,4.081397435897436,4940.638116748501,24.0,2008.0
134,4.142648094632666,0.6420297592239262,24.74618517386197,0.6460899230769231,3.861286923076923,5272.267005897435,24.0,2008.0
137,4.141814607896977,0.6422162425838563,24.568292813185277,0.6461380731581658,3.8536120556414217,5247.445333848531,24.0,2008.0
141,4.140519345939852,0.6668873007117249,24.46813967282139,0.6709632696961549,4.041556870126378,5018.223860446356,24.0,2008.0
145,4.144478806017769,0.632049417898843,24.383631011491403,0.6360447753530167,3.824639537869063,5274.959341206675,24.0,2008.0
148,4.141978761932281,0.6840854079254173,25.07100125430618,0.6883220920502092,4.15158940027894,4833.305570153417,24.0,2008.0
151,4.129690120322505,0.6960172520969813,27.03248045440886,0.7002988742449203,4.051592806150467,4888.23384925865,24.0,2008.0
155,4.13493298924556,0.6693300293685985,26.29245192725164,0.6732966684434968,3.920055170575693,5051.684458155651,24.0,2008.0
159,4.133479145170933,0.7068111664736322,25.717432915400742,0.7109160090831678,4.209688049957423,4732.5580056769795,24.0,2008.0
163,4.141043663189291,0.6461212999124342,25.281300307037682,0.6500470496083551,3.891181984334204,5173.021115143603,24.0,2008.0
167,4.138547507532556,0.6833886553707774,25.22754382839836,0.6875117565314064,4.1452857142857145,4848.3338143413,24.0,2008.0
171,4.140791354371345,0.6634760713583137,25.459049490706317,0.6677169193286411,4.022584190579318,4985.702323768272,24.0,2008.0
175,4.142616291192758,0.6494542689881209,25.343396530192575,0.6534635663034812,3.955264150943396,5084.6491841615725,24.0,2008.0
179,4.145719435970477,0.6223080903373257,25.228421211568914,0.6263419512195122,3.7474079589216944,5278.80658279846,24.0,2008.0
183,4.146768957078443,0.6223369324512339,25.111958495556216,0.6263376059594143,3.844224505522733,5276.7764438736185,24.0,2008.0
187,4.147015930897931,0.6263833571838341,25.084968690362786,0.630606314968815,3.88477079002079,5215.472773128898,24.0,2008.0
191,4.146555215254979,0.6305342065252072,25.58786856081741,0.6349512981904013,3.897257539994755,5166.898594282717,24.0,2008.0
195,4.147921891536969,0.6199172500124814,25.48842021020059,0.6240573350582148,3.840025873221216,5242.099305045278,24.0,2008.0
199,4.1432664230185265,0.678975517907707,25.520562110849983,0.6832523457492181,4.241835371054877,4750.557820585726,24.0,2008.0
203,4.14740702394054,0.6428347086195201,25.33659989417566,0.6469418856678407,4.0358894608507185,5002.656478461121,24.0,2008.0
207,4.150676946753748,0.6139637849196286,25.202019116620445,0.6182129836406128,3.907812256556739,5233.186272916126,24.0,2008.0
211,4.1509731200236155,0.6065289378598704,25.656761357540805,0.6106440411840413,3.819625482625483,5281.664006177606,24.0,2008.0
214,4.149258356029318,0.6248712469131674,25.703556204950726,0.6289848871181939,3.934391500664011,5112.1679787516605,24.0,2008.0
217,4.148663453896308,0.6424405789081298,25.605973227211337,0.6466994784518254,4.070616524842163,4941.9347482843805,24.0,2008.0
221,4.15237266814831,0.6079057067208262,25.387711853967414,0.6119727201463288,3.879760125424615,5208.031810033969,24.0,2008.0
225,4.152356182458047,0.6155482454563233,25.34324683845571,0.6196742038216561,3.9646656050955413,5123.909022027601,24.0,2008.0
229,4.152709194310728,0.6152087686046263,25.404838740175805,0.619402344790834,3.9807074340527575,5108.814052757794,24.0,2008.0
233,4.150213011801893,0.6487998814529683,25.538664469677112,0.6531271830985916,4.214241408450705,4818.010122535211,24.0,2008.0
237,4.155306899207721,0.592157777971494,25.392212094931914,0.5962692565823438,3.8500061951471345,5283.1163342798145,24.0,2008.0
241,4.15567222938149,0.5920487199801124,25.37882063803655,0.5961563810509967,3.8699844680300286,5268.671765984986,24.0,2008.0
245,4.156007874053479,0.5915470879419605,25.36610442135351,0.5956068813295248,3.8626676188003115,5253.744265385614,24.0,2008.0
249,4.15668004634962,0.586762533790641,25.366014970841405,0.590476543528804,3.8330216998191684,5286.039977525187,24.0,2008.0
253,4.157264783828636,0.5852801437987226,25.328687996097223,0.5892726802791419,3.8741049366761438,5285.651754716981,24.0,2008.0
257,4.156127781729184,0.6042134870023936,25.324904467851695,0.6080651742627345,3.996730294906166,5090.731867828418,24.0,2008.0
261,4.1584241007754885,0.5810528247044215,25.15003755101717,0.5848880237972064,3.879062079668908,5288.092907397827,24.0,2008.0
264,4.159699163403842,0.583481440731189,25.474627913650302,0.5875364466475346,3.8872181059222544,5243.553920427864,24.0,2008.0
267,4.1580679564787895,0.583036658247554,25.3099129484388,0.5865459291806668,3.8809961230292065,5287.086675368312,24.0,2008.0
271,4.159707944141473,0.5782298330343395,24.83271348154768,0.5814418177110305,3.8814823925427238,5286.067079492491,24.0,2008.0
275,4.157611519016757,0.6108532334353195,24.88956188067808,0.6145512764205325,4.137746637386769,4973.971223991216,24.0,2008.0
279,4.1603779113712145,0.5736847833082896,25.13848713559105,0.5775689717689718,3.878931623931624,5289.800881636882,24.0,2008.0
283,4.159943440903098,0.5735566316606672,25.67656084340354,0.5776187208700155,3.870887105126877,5289.648819782496,24.0,2008.0
287,4.159692060850637,0.5801903405112744,25.623684164768857,0.5841019968470835,3.9366269048870204,5211.362229900157,24.0,2008.0
291,4.157997794537938,0.6100629362631118,25.554462099423464,0.6139666204602162,4.17801968394788,4928.52562184641,24.0,2008.0
295,4.161882420497646,0.5677156704779871,25.086777788456857,0.5714099299974074,3.900590095929479,5291.190467202488,24.0,2008.0
299,4.162474734978786,0.5662162384023228,25.056441260108773,0.5700752916774695,3.9020821882291936,5292.004129115893,24.0,2008.0
303,4.162064680444332,0.567810278444246,25.56453397605945,0.5715877119749544,3.905472475867467,5261.076480563527,24.0,2008.0
307,4.162110677449121,0.5646348152196093,25.71603687619593,0.5684276783398184,3.8905901426718548,5290.498464072634,24.0,2008.0
314,4.16124700040263,0.5728250416510824,25.616278552522115,0.5772107975142413,3.840739513205593,5290.104147332988,24.0,2008.0
317,4.157403064239152,0.5912602816785927,26.192445895478503,0.595402120328651,3.93136231115823,5154.318826398092,24.0,2008.0
321,4.159130474098866,0.5784386636466525,25.99244956080433,0.5824674157303371,3.8747282466684085,5237.48545701594,24.0,2008.0
325,4.160505352231573,0.5688224055990168,25.7378775367257,0.5729207815734989,3.829368530020704,5293.715343426501,24.0,2008.0
329,4.161111580296078,0.5717975094361378,25.603747603389166,0.5758787005501703,3.9035855383809275,5234.561206444852,24.0,2008.0
333,4.161784165329537,0.5689033167628476,25.574680690927398,0.5730559131344846,3.915232339089482,5243.539620094191,24.0,2008.0
337,4.162435132005642,0.5616365499924564,25.628555900346125,0.5658029556650247,3.8615289084780917,5294.300771065596,24.0,2008.0
341,4.161122628619384,0.5846780336100885,25.704388603277437,0.5888952355170547,4.042874390904169,5063.481130211153,24.0,2008.0
345,4.163316309598824,0.5580418254115235,25.634851285516174,0.5621167531120331,3.861736773858921,5295.711222510373,24.0,2008.0
349,4.163753434252256,0.5565552914703132,25.6527336441731,0.5605823514144822,3.8759099403062547,5295.5907456527375,24.0,2008.0
353,4.164091233459148,0.5545574634930883,25.668484796650056,0.5586188943680249,3.875396833636128,5296.807792369582,24.0,2008.0
357,4.162630452592037,0.5787017238749383,25.744325482384525,0.5827789274106175,4.057928223185265,5067.56073943662,24.0,2008.0
361,4.164844499586838,0.552443348784874,25.633915030387637,0.556447403946002,3.889680944963655,5298.671770768432,24.0,2008.0
365,4.162361800436451,0.5981192428393752,26.086357315160182,0.6027068550643537,4.201458310016788,4897.2262937884725,24.0,2008.0
368,4.162074459333904,0.5709027757167792,26.36503424612251,0.5751207902413152,3.97101378944577,5172.983767966057,24.0,2008.0
372,4.160213369745536,0.6055173410823118,26.295278993185978,0.6097359671481166,4.222118380062305,4832.167963749645,24.0,2008.0
376,4.1627693488989195,0.57269340675655,26.019053861613614,0.576802949134199,3.9245059523809522,5070.109392316017,24.0,2008.0
380,4.165255711471095,0.5496004964633576,25.80675645928924,0.5535975071410023,3.8895445338873023,5300.765965203844,24.0,2008.0
384,4.162797199607679,0.5890634205311576,26.09212236076689,0.5936253079507279,4.18233790593505,4902.534017357223,24.0,2008.0
388,4.165298218363235,0.5509421000516213,26.277216685610476,0.5550902407116693,3.9155497121925693,5260.4076059654635,24.0,2008.0
392,4.165982566818228,0.5447626668883797,26.15850923293319,0.5488238961038961,3.882489090909091,5302.12365012987,24.0,2008.0
396,4.166560676451064,0.5426963486339282,25.828357624929552,0.5467847972972973,3.8719054054054056,5302.2602060810805,24.0,2008.0
400,4.163872052915668,0.5856467502792922,26.095617992004808,0.5900473432667979,4.217564520663481,4885.795675569299,24.0,2008.0
404,4.166950763269816,0.5402864951047419,26.2476737776028,0.5446012210963888,3.8834806443232006,5306.562563263185,24.0,2008.0
408,4.1667553061663325,0.5408526939341504,26.33793086974434,0.5449255523784767,3.874364439823239,5303.502050428906,24.0,2008.0
412,4.167406043259077,0.5393305737547829,26.124984681348387,0.5433233489339574,3.9039466978679145,5304.971977899117,24.0,2008.0
416,4.167984383816882,0.5374065640988215,25.852136896684545,0.5412987509758002,3.8968030184751496,5303.707663544106,24.0,2008.0
420,4.1674360130407715,0.5513854072140381,25.97324099771749,0.5556153413654619,4.030479785809907,5148.890365194109,24.0,2008.0
424,4.166129848167657,0.56827525952938,26.37673825663932,0.5725625069022641,4.161532302595251,4988.63602512424,24.0,2008.0
428,4.1655906856603835,0.5718096460403834,26.649421931226808,0.5757691837867851,4.153440866185452,4957.108769294837,24.0,2008.0
431,4.165235787565802,0.5705163411451948,26.383044651599384,0.5746382001087548,4.09368569874932,5058.3530603588915,24.0,2008.0
434,4.165908079107956,0.5479456472951081,26.395185471876317,0.5517292311729205,3.9225402781422196,5248.452435056416,24.0,2008.0
438,4.166720223625047,0.5484980695147647,25.994181141235586,0.5521908778424115,3.961002379693284,5211.634957694341,24.0,2008.0
442,4.168345111839039,0.5359153507983971,25.74488779237481,0.5396730158730159,3.916415820973198,5304.9221137132445,24.0,2008.0
446,4.168592130149556,0.5379933087567585,25.71873647224021,0.5417258724744162,3.9516801364471266,5261.6433101548155,24.0,2008.0
450,4.169233311039406,0.5329945667470827,25.673994611790967,0.5367131524008351,3.9290788100208767,5293.836941283926,24.0,2008.0
454,4.169409262891975,0.5327984749938566,25.676415041989998,0.5364706544502618,3.9117628272251306,5277.5585806282725,24.0,2008.0
458,4.169972718454648,0.5280307381775012,25.56512774573633,0.5316318146316064,3.8909015881280915,5309.8375402239,24.0,2008.0
462,4.168125294398354,0.5636670026872931,25.559920462706526,0.5673488981868898,4.164616457461646,4943.852125523013,24.0,2008.0
466,4.170055075501605,0.5369712503220356,25.488875323515025,0.5406045986177566,3.995887825624668,5199.801615629984,24.0,2008.0
470,4.170980328996168,0.5244500117849293,25.487686966812053,0.5281326817826427,3.9112838154808443,5310.202042741726,24.0,2008.0
474,4.171423760789058,0.5228745271775046,25.448935623731767,0.5265150234741784,3.9270758998435054,5309.512675273865,24.0,2008.0
478,4.17131087334509,0.5258455798836629,25.401218153058807,0.5294017069327731,3.929346638655462,5272.2984262079835,24.0,2008.0
481,4.1721850943029075,0.5265611001877473,25.892291164391303,0.5300108213820078,3.9759747066492825,5304.551162451108,24.0,2008.0
483,4.168170344859338,0.5310122697991213,26.195166662980835,0.5344813023012552,3.8970481171548115,5280.607135721757,24.0,2008.0
486,4.170885773793107,0.5247779670071384,25.775432615050974,0.528069775924961,3.9199153204794164,5307.923425742574,24.0,2008.0
490,4.171489343593048,0.5227942136156173,25.502094661985325,0.5259681533646323,3.9121533646322377,5309.763938967137,24.0,2008.0
494,4.1709391437180825,0.536327403771149,25.63388341325256,0.5397632483221477,4.0270963758389255,5152.219626845637,24.0,2008.0
498,4.1715299959864875,0.5251077757889829,25.938494846858667,0.5286513577643027,3.9627882942262063,5251.0009509623,24.0,2008.0
502,4.170738157771229,0.5382171193720412,25.940545343617295,0.5415650540540541,4.053897837837838,5116.79591891892,24.0,2008.0
506,4.170530612676785,0.5490657293897764,25.68016594079399,0.5524054031587697,4.1324860072042116,4990.347112773622,24.0,2008.0
510,4.172971180189329,0.5190213642521985,25.300800520190858,0.5224123784494087,3.960740341655716,5273.744972404731,24.0,2008.0
514,4.173136529821085,0.5212247354397453,25.391998291850797,0.5249211446740859,3.997099894011659,5229.915769475358,24.0,2008.0
518,4.1727453258943115,0.5227837242747636,25.6831340414972,0.5262198990435707,3.9843974495217855,5214.798158342189,24.0,2008.0
522,4.1710475652219925,0.555883023393749,25.62211934841908,0.5592959183673469,4.241699546485261,4877.433858843538,24.0,2008.0
526,4.1731997912013625,0.5270829202942389,25.244591756584626,0.5304537799300512,4.048363196125908,5151.925052730697,24.0,2008.0
530,4.174045930624699,0.5218736168128816,25.023659485711388,0.5252585404971933,4.053703822507352,5188.932179363806,24.0,2008.0
534,4.174892211293495,0.5078516215351652,25.179508727208052,0.5115061144499609,3.9397350405016986,5313.019364515286,24.0,2008.0
538,4.172379158512296,0.5483523895533353,25.490818359886536,0.5519279030439684,4.2401381059751975,4910.733248308907,24.0,2008.0
542,4.173774108358943,0.5191813677586598,25.427226509947285,0.5228322718758363,3.95199464811346,5184.196853090714,24.0,2008.0
546,4.176667622988601,0.5108276673272917,25.25592108678327,0.514403559277676,4.034916252289976,5308.132403035855,24.0,2008.0
549,4.1723894854090275,0.5186373641011148,25.59348621208872,0.5222827324973877,3.9525062695924764,5302.436022727273,24.0,2008.0
553,4.172439615550392,0.5253361030002095,25.518978023424353,0.5288769066666668,4.010535733333334,5192.2937456,24.0,2008.0
557,4.171666582599625,0.5482928652501677,25.42437424452934,0.5518778557395453,4.202766488913837,4929.022732809431,24.0,2008.0
561,4.173308388953154,0.5270265711463848,25.283850691977545,0.5305420054200543,4.050185094850948,5114.938810569105,24.0,2008.0
565,4.174003023265578,0.5195386971891813,25.21951822982875,0.5230444504021448,4.006664075067024,5173.370797319035,24.0,2008.0
569,4.173398722303291,0.5339761745910122,25.266231486558603,0.537561780104712,4.141658032515845,5030.3868536786995,24.0,2008.0
573,4.1746908334356565,0.5157693405738868,25.207190052999604,0.5192486363636364,4.015840106951872,5192.038078609626,24.0,2008.0
577,4.175753535378941,0.5025952440743211,25.097670267805956,0.5060860878661088,3.9326043410041844,5313.3942541841,24.0,2008.0
581,4.1743362834626305,0.5288550946247553,25.242481368878632,0.5324748486516235,4.141124656026417,5040.454734177215,24.0,2008.0
585,4.174502743330159,0.5256499143017735,25.27607020296545,0.5293056868131868,4.079418131868132,5050.898850824176,24.0,2008.0
589,4.1753130763360495,0.5138542905268656,25.27314773582078,0.5173827428878154,4.028083199141171,5179.534544283414,24.0,2008.0
593,4.175376272483667,0.5175996258024357,25.26421894976394,0.5207969335142469,4.05699538670285,5119.658392130258,24.0,2008.0
597,4.174846886014506,0.5309148992955582,25.247717236760785,0.5341888703394546,4.1798158041179745,4985.484129104063,24.0,2008.0
601,4.175435464201437,0.5213157566666434,25.27414999815343,0.525027587153445,4.107986000548998,5060.090054899808,24.0,2008.0
605,4.176132306765161,0.5081558344285678,25.294181907809843,0.5117377408993576,3.9983364561027837,5195.06177382227,24.0,2008.0
609,4.174585399778781,0.5417902519385153,25.431335735111634,0.545494673539519,4.298297823596793,4845.798687571592,24.0,2008.0
612,4.175137102791437,0.5350541433344616,25.138343976613978,0.5391432297447281,4.280021642619312,4999.656693673695,24.0,2008.0
615,2.989473572959445,-0.0023016184066445254,23.08792153043887,-0.00047999999999999996,2.8449999999999998,5.803,24.0,2008.0
