id_cycle,Voltage_measured,Current_measured,Temperature_measured,Current_charge,Voltage_charge,Time,Capacity,ambient_temperature,time
1,3.5298286688693397,-1.8187019641679725,32.572328114029,-1.805569543147208,2.404944162436548,1812.0874974619292,1.8564874208181572,24.0,2008.0
3,3.5373201277859705,-1.8175598506612867,32.72523522519307,-1.8045826530612243,2.3992602040816324,1803.1433724489798,1.8463272497199272,24.0,2008.0
5,3.5437367282719,-1.8164865418840956,32.64286193755933,-1.8035753846153846,2.3979692307692306,1793.8093794871795,1.8353491942234077,24.0,2008.0
7,3.5436661072601456,-1.8255891938692528,32.514876462048825,-1.8128628865979382,2.4082886597938145,1784.3594278350515,1.8352625275821128,24.0,2008.0
9,3.5423432526672167,-1.8261139590277584,32.38234901543077,-1.8128762886597938,2.408505154639175,1783.5013505154639,1.8346455082120419,24.0,2008.0
11,3.5413347346347575,-1.8168108743168805,32.43418218230641,-1.8036564102564103,2.3962512820512822,1793.4977589743592,1.8356616600675495,24.0,2008.0
13,3.5410250495075206,-1.816791144707133,32.48041644475799,-1.803620512820513,2.394646153846154,1792.8422461538462,1.8351461429226603,24.0,2008.0
15,3.554133296801585,-1.8443412120754061,32.41046186109587,-1.8308837696335079,2.434628272251309,1756.5707643979058,1.8257567905665537,24.0,2008.0
17,3.5529355991467946,-1.853972745505648,32.34614083129999,-1.8405052631578946,2.4485105263157894,1745.8955684210525,1.824773852989133,24.0,2008.0
19,3.5512057319376997,-1.8535899338510957,32.27679750791685,-1.8404957894736844,2.4496526315789473,1746.0239315789474,1.824613268496936,24.0,2008.0
21,3.54929231974095,-1.863380178294828,32.15709350345253,-1.8502624338624338,2.4602222222222223,1736.7096984126983,1.8246195526864504,24.0,2008.0
24,3.5597592206489757,-1.872968810287894,32.36407129853099,-1.8593454545454546,2.4758021390374334,1717.784090909091,1.8142019357673915,24.0,2008.0
26,3.558081969139198,-1.8826095043160835,32.3181954403762,-1.8693247311827956,2.493279569892473,1708.225698924731,1.8137521577549054,24.0,2008.0
28,3.555692244172496,-1.882536787636365,32.15709029211502,-1.8693247311827956,2.4930591397849464,1707.6932258064517,1.8134404914735822,24.0,2008.0
30,3.5627468180175024,-1.8817935155260215,32.04407000314609,-1.868625945945946,2.493508108108108,1698.3709945945948,1.8025980036306504,24.0,2008.0
32,3.5614521756489204,-1.8921861285036712,31.93159367491153,-1.8787804347826087,2.503380434782609,1688.5975869565218,1.80210690024615,24.0,2008.0
34,3.5603420474985814,-1.9027629207037409,31.94165535902929,-1.8890437158469946,2.5137704918032786,1679.5417049180328,1.802579500826209,24.0,2008.0
36,3.5591189041401865,-1.9133470605822436,31.96500864547673,-1.89941978021978,2.5288736263736262,1670.3903406593408,1.8030683142834096,24.0,2008.0
38,3.557886771846508,-1.9131602105481538,31.966241678512723,-1.8994164835164835,2.5293241758241756,1669.7937802197803,1.8027776247196041,24.0,2008.0
41,3.5520375235511916,-1.8553455745575975,32.37143341978575,-1.8422010416666668,2.4483229166666667,1765.513078125,1.8470259949329193,24.0,2008.0
45,3.5525668436897124,-1.8746995273150973,32.70024990461686,-1.8615263157894737,2.4740684210526314,1746.6842315789474,1.847417311283644,24.0,2008.0
49,3.556794038327039,-1.8738272127883846,32.32266411829938,-1.8607999999999998,2.480037037037037,1737.6627513227513,1.8361774213478947,24.0,2008.0
53,3.5614100044534203,-1.883193546754683,31.98795810666763,-1.8700117647058825,2.492449197860963,1718.3130374331552,1.8257807475776242,24.0,2008.0
57,3.5566107947817995,-1.873239184822504,31.89445652469139,-1.860063829787234,2.4792606382978724,1727.275670212766,1.8251136435078368,24.0,2008.0
61,3.5586742170266272,-1.9139593751505897,31.78039681801023,-1.9004891304347826,2.5292119565217392,1689.6680706521743,1.8255815042203765,24.0,2008.0
65,3.564103182686904,-1.9030532722310993,31.688747146342205,-1.889636956521739,2.516663043478261,1688.6594782608695,1.8140311275083907,24.0,2008.0
69,3.5595880635942723,-1.9134590742247917,31.596747992569153,-1.8999540983606558,2.5296010928961747,1680.233169398907,1.8147691941158939,24.0,2008.0
73,3.556833231052199,-1.913620909902553,31.565586498787074,-1.8999562841530055,2.527672131147541,1679.238355191257,1.813969388710352,24.0,2008.0
77,3.5624410850948953,-1.9025819745719057,31.591246670452076,-1.8890437158469946,2.5117868852459013,1679.2831967213115,1.802765665167823,24.0,2008.0
81,3.559140710685566,-1.913062163863896,31.603485399391182,-1.8994175824175825,2.5213186813186814,1670.9220934065934,1.8040770401173518,24.0,2008.0
85,3.5573161327793144,-1.9206181171184122,31.91556385491565,1.9067363881401616,2.512035040431267,1733.8072614555256,1.8518025516704486,24.0,2008.0
89,3.5618707827727376,-1.9298830859597569,32.081128118597164,1.9161506849315069,2.5250219178082194,1705.8462164383561,1.8307038456739428,24.0,2008.0
93,3.5617586337260088,-1.9293005284805402,31.84979263289625,1.9156760330578513,2.520526170798898,1696.4787851239669,1.8199041089501267,24.0,2008.0
97,3.5597307651083123,-1.9233309877703135,31.465690433362017,1.9099110497237568,2.510174033149171,1691.6339806629835,1.8093079637028517,24.0,2008.0
101,3.5575937553540915,-1.9284469980320087,31.409348956650316,1.9149688888888887,2.5116055555555556,1682.8217166666666,1.80460990458052,24.0,2008.0
105,3.5597237883937995,-1.9231439161693828,31.902247475518077,1.9094477777777779,2.503302777777778,1682.8505666666667,1.7993770651972192,24.0,2008.0
109,3.559061771422033,-1.9170149640438081,31.649024294808623,1.903607242339833,2.4986629526462396,1677.6330139275765,1.788443233537046,24.0,2008.0
113,3.557015527748059,-1.922048805055383,31.48874626238971,1.9086728291316528,2.5021204481792716,1668.2284341736695,1.7829230484252723,24.0,2008.0
117,3.5562481933590964,-1.9162302821549877,31.329995610092634,1.902809550561798,2.4921376404494384,1663.9107808988765,1.7730337158018288,24.0,2008.0
121,3.553275652609179,-1.9220800182578983,31.569551201845574,1.908174647887324,2.496878873239437,1659.1183577464788,1.773037755078937,24.0,2008.0
125,3.5562664316402546,-1.9162417890311962,32.111426258867944,1.9025887323943662,2.4925098591549295,1659.0365295774648,1.7678721106662054,24.0,2008.0
129,3.5563095420140822,-1.9158809823517762,32.271676011112376,1.9022999999999999,2.494497175141243,1654.2645677966102,1.7623150704093085,24.0,2008.0
133,3.558950851054106,-1.9114406265753041,31.842291659678658,-1.8977999999999997,2.516620111731844,1639.2639497206703,1.7676172924938447,24.0,2008.0
135,3.5534418211598053,-1.9158166997544155,31.759815453754253,1.902270056497175,2.498725988700565,1654.5475056497176,1.7626683597431472,24.0,2008.0
139,3.5510121537420285,-1.9151304155635374,31.41911167391793,1.9017289772727273,2.492619318181818,1644.689880681818,1.7517304870664143,24.0,2008.0
143,3.551317608213948,-1.9148485784393636,31.331626572312267,1.901172,2.489822857142857,1635.3817171428573,1.7418496047960008,24.0,2008.0
147,3.549003180550162,-1.9144128654409127,31.359341314251374,1.9008985673352434,2.486157593123209,1630.6119570200572,1.7360913511847138,24.0,2008.0
149,3.559764834095517,-1.9388813849818083,34.31088483888259,1.9252814606741575,2.5277247191011236,1663.7565028089887,1.7936240148573606,24.0,2008.0
153,3.5623454342368555,-1.927509725704535,33.43585640373787,1.9140382022471911,2.5045955056179774,1663.5275196629213,1.7831890223273277,24.0,2008.0
157,3.558336657621618,-1.92671859778394,32.66698125020078,1.9132889518413596,2.5031246458923513,1649.7849801699717,1.7673642076278957,24.0,2008.0
161,3.554013138622869,-1.9261308349663748,32.284234086913976,1.9127868945868944,2.497017094017094,1640.4004786324786,1.7570177850353066,24.0,2008.0
165,3.552376095886298,-1.9202346781375208,32.00739178780946,1.9067880000000001,2.4874085714285714,1636.1661114285714,1.7468706179837905,24.0,2008.0
169,3.549618661283733,-1.9201011498853628,32.063870718860564,1.9065845272206305,2.4783954154727796,1630.8346131805158,1.7417172507457144,24.0,2008.0
173,3.54938103086703,-1.914427810545647,32.43754560319043,1.9008893982808022,2.4728252148997134,1630.6591977077362,1.7364225056478184,24.0,2008.0
177,3.547211868041895,-1.908340706503589,32.16809876635083,1.894835632183908,2.4686465517241376,1626.42533045977,1.7263217239235826,24.0,2008.0
181,3.5467052098640246,-1.902207182631691,32.05752645824972,1.8887763688760806,2.4558587896253603,1621.600925072046,1.715806538933013,24.0,2008.0
185,3.544629653883431,-1.9020484449938708,31.97592092807272,1.8884606936416184,2.4537601156069364,1616.5487167630058,1.7105333511351921,24.0,2008.0
189,3.5436291614253195,-1.896490767906236,32.21689335291319,1.882736416184971,2.4475115606936417,1617.2792080924855,1.7060144996485207,24.0,2008.0
193,3.5444946147995253,-1.895971437908019,32.55632993697177,1.8824028985507246,2.4475623188405797,1612.0939710144928,1.7003110272642588,24.0,2008.0
197,3.5409201846556857,-1.8899648799839273,32.40048085325998,1.8765976811594203,2.440286956521739,1611.9802086956522,1.6945798601797895,24.0,2008.0
201,3.541195668799061,-1.8893703824420507,32.29371860868794,1.8758862973760932,2.437775510204082,1603.143029154519,1.6849029086609288,24.0,2008.0
205,3.540671044783382,-1.877688324343142,32.13607144806779,1.8642157434402333,2.4169620991253646,1602.9099008746357,1.6744741591159715,24.0,2008.0
209,3.5376048790268775,-1.8831065986697755,32.38268549723498,1.8697035087719296,2.425584795321637,1598.327128654971,1.6745692479879102,24.0,2008.0
213,3.538422485261741,-1.876359921441716,32.308999514276366,1.8634428152492668,2.4160117302052786,1593.7834838709675,1.6637163759814053,24.0,2008.0
215,3.53928626988912,-1.8709550260104437,32.56636929496716,1.8575706744868035,2.4128035190615833,1594.0499208211145,1.6590138687482459,24.0,2008.0
219,3.533690170241391,-1.870559986828954,32.465429517518345,1.8571552941176472,2.4012588235294117,1589.5361411764707,1.6538540573335017,24.0,2008.0
223,3.534367734544494,-1.8640049795794804,32.347056454418095,1.8508483775811209,2.3901946902654867,1584.184436578171,1.6426537821301308,24.0,2008.0
227,3.5312941932103548,-1.8636932149873204,32.371538940646154,1.8504408284023668,2.3864289940828405,1579.7853461538464,1.6378578430223698,24.0,2008.0
231,3.5309134771684274,-1.8578203963019067,32.45549347979197,1.8445301775147929,2.3790325443786986,1579.6517159763314,1.6327350407099108,24.0,2008.0
235,3.5287226893409898,-1.8572160981955346,32.50017194695606,1.8440694362017804,2.3752314540059345,1575.2785133531156,1.627752891553362,24.0,2008.0
239,3.52625493581969,-1.8568340008006832,32.50100298369444,1.8436053571428572,2.372946428571429,1570.2029732142857,1.622125485521159,24.0,2008.0
243,3.528684324337005,-1.844888650021881,32.4728927422438,1.8316964285714288,2.3579464285714287,1570.1018065476192,1.6113256603765849,24.0,2008.0
247,3.525556939424901,-1.8444180038305806,32.50480154634882,1.8312077611940298,2.3558567164179105,1565.6554298507463,1.6065631397488385,24.0,2008.0
251,3.522680564679373,-1.8438790389835118,32.51218336210202,1.8306784431137724,2.355110778443114,1561.2765538922156,1.6015142233917594,24.0,2008.0
255,3.524673458789008,-1.83711254029409,32.45692821941515,1.8241735735735736,2.347864864864865,1556.3934474474474,1.590369231400328,24.0,2008.0
259,3.5213155754526824,-1.8315957075983758,32.447059186431154,1.8181603603603604,2.3376366366366366,1556.258093093093,1.5857889968242211,24.0,2008.0
263,3.5180338648646203,-1.8311195242792309,32.328896549662595,1.8181885885885887,2.3432042042042043,1556.0419279279279,1.5849430707374117,24.0,2008.0
265,3.5236841955396794,-1.8432799764914718,32.844884753601065,1.830189189189189,2.362888888888889,1556.3573633633634,1.5955263892495934,24.0,2008.0
269,3.519146638240667,-1.829798505957538,32.31731555011648,1.8170326283987916,2.3335438066465257,1547.1489577039274,1.574730174780104,24.0,2008.0
273,3.516233648608237,-1.8236746835609148,32.06376130177751,1.8104472727272727,2.318660606060606,1542.7372333333333,1.5649019950937944,24.0,2008.0
277,3.514773138461639,-1.8176720770210877,32.21997626855924,1.8044787878787878,2.3113333333333332,1542.6902606060607,1.5597659473370362,24.0,2008.0
281,3.5132992979150073,-1.8179238657973993,32.7120225448885,1.8045072727272726,2.3101333333333334,1542.4159666666667,1.5594815668184234,24.0,2008.0
285,3.514484830704665,-1.8171606739096455,32.94502214735569,1.8038966565349543,2.3122826747720366,1538.2373343465044,1.55468935359061,24.0,2008.0
289,3.5109677353595243,-1.8110297241968543,32.857549597381336,1.797808510638298,2.3022006079027353,1537.6691367781154,1.5488741079890418,24.0,2008.0
293,3.5109358749578012,-1.8094435644526072,32.629663328789654,1.7965100917431192,2.3006697247706422,1528.198758409786,1.538236598942558,24.0,2008.0
297,3.5093930982174153,-1.802653733144349,32.379859014262976,1.7897656441717793,2.289478527607362,1523.9880644171778,1.527914258251028,24.0,2008.0
301,3.5066782411556563,-1.8031542757366414,32.68215852457038,1.7898723926380367,2.2886687116564417,1524.1397116564417,1.5285252629756445,24.0,2008.0
305,3.5109885623008097,-1.7965666438696486,32.99387423636739,1.7837294478527608,2.2833895705521474,1523.8669601226995,1.522647325284378,24.0,2008.0
309,3.510305462695178,-1.7959771394311954,33.045397072111655,1.7830596923076925,2.281246153846154,1519.0259753846153,1.5174859938489869,24.0,2008.0
312,3.5222215314850214,-1.8229169917572352,32.856295641052824,1.809638348082596,2.3254896755162244,1584.5456371681416,1.6058188991306592,24.0,2008.0
315,3.516349215433127,-1.8294275689587538,33.33950238056361,1.816047416413374,2.335793313069909,1537.650340425532,1.5638491446744425,24.0,2008.0
319,3.5134397623234963,-1.816317296828028,33.35156485472646,1.8032719512195123,2.309405487804878,1532.9483170731708,1.5480915247767786,24.0,2008.0
323,3.515137522009075,-1.8033689952639715,33.147486361012966,1.7904269113149847,2.2935565749235476,1528.3178837920489,1.5323755631868592,24.0,2008.0
327,3.50830390643132,-1.8026707531194943,33.007275861749356,1.789801226993865,2.286064417177914,1523.5166963190184,1.5269528268489705,24.0,2008.0
331,3.509190808443004,-1.7958941337499832,32.91990812745461,1.7830572307692307,2.2765169230769233,1519.0782246153847,1.5169573017136326,24.0,2008.0
335,3.5068097579555353,-1.7953449635277947,32.99903328622305,1.7823969135802467,2.2788734567901234,1514.6597808641975,1.5118975960142693,24.0,2008.0
339,3.50609090727422,-1.7893518988259454,33.03772281691292,1.776225925925926,2.269527777777778,1514.2951697530864,1.5065638960681105,24.0,2008.0
343,3.5037157727265953,-1.7883879159763683,33.07740307192613,1.7755120743034056,2.2710340557275543,1510.0479783281735,1.5015453526671363,24.0,2008.0
347,3.5067479961367156,-1.7815447770741009,33.054679815239886,1.7686285714285712,2.261968944099379,1504.8059409937887,1.4908444050400238,24.0,2008.0
351,3.5058813026542324,-1.7753115642966961,33.11570360624461,1.7624155279503104,2.252496894409938,1505.2133354037267,1.485868384561201,24.0,2008.0
355,3.504168333530808,-1.7742377662318363,33.12942148982364,1.7616554517133955,2.250626168224299,1500.6224112149532,1.480413677976106,24.0,2008.0
359,3.5030568931470634,-1.773860289771637,33.13068131049335,1.760918125,2.24684375,1495.9097625,1.4752095869031632,24.0,2008.0
363,3.4982324882487936,-1.780970241981452,33.200692103297186,1.767953894080997,2.2595981308411215,1500.4835887850468,1.4859035988304024,24.0,2008.0
366,3.5065859365661325,-1.7879098523188452,33.78697527817091,1.7748639751552797,2.279636645962733,1505.2351055900622,1.4960918298136696,24.0,2008.0
370,3.5014571406979607,-1.780229415660985,33.673365085761986,1.7672093749999997,2.25706875,1496.0002093750002,1.4808005946928984,24.0,2008.0
374,3.5016583871628097,-1.773101516889421,33.535818118317145,1.7602087774294672,2.244683385579937,1490.655169278997,1.4697543268466824,24.0,2008.0
378,3.4966186408455298,-1.7705879947441514,33.322699821885095,1.7579373417721518,2.2366613924050633,1476.8261265822784,1.4539012274845928,24.0,2008.0
382,3.4991645719433246,-1.7600629827474803,33.346230327490304,1.7469314465408803,2.223235849056604,1485.8575188679245,1.4541462067235693,24.0,2008.0
386,3.4960807773600733,-1.765575132998529,33.64948900485924,1.7524485804416405,2.2327507886435334,1482.2517665615142,1.455023751906683,24.0,2008.0
390,3.4959014526387993,-1.7588271887545277,33.79269513542103,1.746123028391167,2.222328075709779,1482.0467570977917,1.449042163761236,24.0,2008.0
394,3.497586979902671,-1.7516428147438297,33.52446663707275,1.7389569620253165,2.211481012658228,1477.5040221518987,1.4386709371480566,24.0,2008.0
398,3.4956989619989507,-1.7513097768253418,33.39042251934235,1.7381968253968256,2.207726984126984,1472.2304507936508,1.433445432156979,24.0,2008.0
402,3.492875380810072,-1.7511840784846122,33.67370212742761,1.738206349206349,2.2097809523809526,1472.0868380952381,1.4333958900838095,24.0,2008.0
406,3.4955107642336807,-1.7446206812145286,33.91080564765892,1.7318571428571428,2.203831746031746,1472.3190730158728,1.42806487344776,24.0,2008.0
410,3.4942333590450825,-1.7436362428649814,33.7850680599871,1.730996178343949,2.2000382165605097,1468.147484076433,1.4229203181741186,24.0,2008.0
414,3.491197414255986,-1.7425325036061032,33.61126807392733,1.7301079872204475,2.1924600638977636,1463.1330575079871,1.417429032731308,24.0,2008.0
418,3.488909408157623,-1.7419837011363046,33.45598581472246,1.7292948717948717,2.1887499999999998,1458.7075352564102,1.412409228794446,24.0,2008.0
422,3.487376295811431,-1.7421680980861822,33.723267448788484,1.7293070512820514,2.184900641025641,1458.4665512820513,1.412578792940193,24.0,2008.0
426,3.491994243745711,-1.7358413784206181,34.05007636985734,1.7229128205128206,2.1879262820512824,1458.8291474358975,1.4075983731469897,24.0,2008.0
430,3.491585878898649,-1.7567879869499756,33.889346908026745,1.7437579617834393,2.228859872611465,1467.6625987261145,1.4333920485221476,24.0,2008.0
432,3.4955762270464255,-1.7573176114092575,34.067648550088656,1.7445434920634921,2.2300666666666666,1472.271019047619,1.4382550176792908,24.0,2008.0
436,3.4938988589692483,-1.742762839332656,33.75168100943646,1.730123322683706,2.205073482428115,1463.249463258786,1.4173547174485526,24.0,2008.0
440,3.4915916296838394,-1.7352637407600362,33.46482299584788,1.7228698717948718,2.1882852564102566,1458.6525224358975,1.406981663677643,24.0,2008.0
444,3.4885729299834787,-1.7344350518111926,33.40210697922145,1.7219916398713826,2.1841414790996785,1453.307073954984,1.4012037783587625,24.0,2008.0
448,3.4869021151089834,-1.7280392046289716,33.41068891771223,1.7155742765273312,2.175704180064309,1454.1212604501607,1.3967008232726328,24.0,2008.0
452,3.4855485210036425,-1.7326888725308258,33.38984948261314,1.720211003236246,2.1811974110032364,1444.7104627831716,1.391284788852726,24.0,2008.0
456,3.4838912547260388,-1.7260735249920125,33.3700433438796,1.7137210355987056,2.170343042071197,1444.6623171521037,1.3862287677978349,24.0,2008.0
460,3.483198941484065,-1.7195393742714096,33.27215987470977,1.7072472491909385,2.162854368932039,1444.231132686084,1.3804366761974138,24.0,2008.0
464,3.483627444709889,-1.7185829844462923,33.222444215660225,1.7063266233766232,2.1605909090909092,1439.5553149350649,1.3752364150256224,24.0,2008.0
468,3.480172442538601,-1.717672415155695,33.26207748383125,1.7053752442996744,2.1558241042345276,1435.4171009771987,1.3705128024895008,24.0,2008.0
472,3.4784521486109754,-1.7177080769362933,33.31202990551653,1.705354397394137,2.1558631921824105,1435.3610716612377,1.3705085566270399,24.0,2008.0
476,3.4785782556105507,-1.7109669363015378,33.25287943255863,1.6988234527687298,2.1491205211726383,1434.9915504885994,1.3647355108681518,24.0,2008.0
480,3.4825195584604574,-1.7184206130755166,33.745054045019884,1.706355194805195,2.1677142857142857,1439.9368214285714,1.375392016895762,24.0,2008.0
482,3.4886823636752835,-1.7260471943596487,33.88841975386692,1.7137249190938508,2.1825533980582525,1444.7526084142394,1.3861115151535393,24.0,2008.0
484,3.4858502383832746,-1.7120216134085062,33.73537569964251,1.6998305194805192,2.155737012987013,1439.4842727272728,1.3698500035838939,24.0,2008.0
488,3.478794177297152,-1.711022510206629,33.59131052719713,1.6988241042345276,2.1483192182410424,1434.9474820846906,1.3647827949260758,24.0,2008.0
492,3.4812826020756735,-1.703421414006958,33.32366688599415,1.6913673202614379,2.1372908496732026,1430.2198071895425,1.3543220466259964,24.0,2008.0
496,3.480352041587074,-1.703574708739156,33.691961507697364,1.6913882352941176,2.1406960784313727,1430.6596274509805,1.3546417018378962,24.0,2008.0
500,3.4781127815565127,-1.7034912994217157,33.887639684793655,1.6913130718954248,2.1409869281045752,1430.6950228758171,1.3547039213192407,24.0,2008.0
504,3.4765867130506125,-1.7023383270190764,33.67308060941856,1.6902859016393441,2.137190163934426,1425.914206557377,1.349314997503458,24.0,2008.0
508,3.4733769291841643,-1.7014238498912502,33.411988203265814,1.6892256578947367,2.1326644736842106,1421.5815888157895,1.3441891937970554,24.0,2008.0
512,3.4726366397371127,-1.6950436046971957,33.29926524979532,1.6827217105263157,2.1191578947368424,1421.1297171052631,1.3389913790695755,24.0,2008.0
516,3.473439372740961,-1.695057731610264,33.59980731390034,1.682792105263158,2.1207006578947367,1421.0231644736843,1.3389145230206971,24.0,2008.0
520,3.4754777099091454,-1.6937809113323188,33.61961195858584,1.6816818481848186,2.119993399339934,1416.9057326732673,1.3340066759761655,24.0,2008.0
524,3.4722884821666766,-1.6869434054016965,33.3945201718652,1.6750389438943893,2.1123465346534656,1416.9549372937295,1.3286444309174914,24.0,2008.0
528,3.471373665098864,-1.686064911294459,33.16734508187535,1.673941059602649,2.1077582781456954,1411.9015264900663,1.3231708992276219,24.0,2008.0
532,3.4726160162875095,-1.6795829780331422,33.10962161613893,1.6674006622516557,2.096390728476821,1412.1604337748345,1.3181691588445197,24.0,2008.0
536,3.4738146874457905,-1.6797938402923547,33.46501751186519,1.6674417218543047,2.0981291390728476,1412.1636125827815,1.3184664436640334,24.0,2008.0
540,3.4701426486639693,-1.6851739865098712,33.442619101404404,1.6729408637873755,2.104328903654485,1407.4723189368772,1.318293040102702,24.0,2008.0
544,3.467523652225441,-1.6863812036302581,33.037928170775885,1.6740403973509934,2.106877483443709,1412.2711490066224,1.323872422244268,24.0,2008.0
547,3.476752584083926,-1.715777469309528,33.4949493613756,1.7034465573770492,2.152160655737705,1425.7798721311474,1.3601216766554785,24.0,2008.0
551,3.475895682736913,-1.7007216920098713,33.491363029025784,1.6882508250825083,2.1242673267326735,1416.5705247524752,1.3395306867947354,24.0,2008.0
555,3.475812179626641,-1.6928138295817337,33.329808599922345,1.6805913907284766,2.111066225165563,1412.0950198675496,1.3290286565120697,24.0,2008.0
559,3.4746554404904435,-1.6861104874993165,33.27302769298771,1.673966225165563,2.0991887417218544,1412.0039006622517,1.3236741274998955,24.0,2008.0
563,3.472301781313944,-1.6850437850434057,33.229879126701434,1.6728817275747507,2.0930398671096344,1407.4806644518271,1.318633896753293,24.0,2008.0
567,3.4729305773503527,-1.678524839793589,33.20860833999321,1.666252491694352,2.085581395348837,1407.8983920265782,1.3134751321324272,24.0,2008.0
571,3.4696192030612285,-1.6839115230941766,33.236115055926255,1.671814,2.0900600000000003,1402.69259,1.3132020634442203,24.0,2008.0
575,3.470018470757559,-1.6773783325850857,33.18660088296571,1.6651606666666667,2.08167,1402.5220166666666,1.3077959946944353,24.0,2008.0
579,3.470762691935287,-1.6764253732061751,33.174058099115534,1.6640849498327759,2.0771438127090303,1398.2912274247492,1.3030329186405918,24.0,2008.0
583,3.468111467035994,-1.67627880896028,33.253984518546055,1.6640849498327759,2.077133779264214,1398.6769130434782,1.3033573559038205,24.0,2008.0
587,3.4648625780221494,-1.6817992883033974,33.3198093248819,1.669631543624161,2.0838758389261747,1393.6352751677853,1.3034100438655642,24.0,2008.0
591,3.467864133752209,-1.6750812261110135,33.33765795318199,1.6628946308724832,2.0770704697986577,1393.5037281879195,1.2978870806495706,24.0,2008.0
595,3.464021404592563,-1.675366426273468,33.29076744042025,1.6628986577181206,2.073318791946309,1393.605275167785,1.2980735056918902,24.0,2008.0
599,3.4664623858156736,-1.674487920109521,33.27568841807218,1.661798653198653,2.07316835016835,1388.9813872053871,1.293463613844243,24.0,2008.0
603,3.46850906693551,-1.6674467270234996,33.32067807371405,1.6550861952861953,2.064188552188552,1389.3044511784512,1.288003392619118,24.0,2008.0
607,3.466806213058136,-1.6674702882406252,33.373149728967185,1.6551030303030303,2.0627171717171717,1388.6851851851852,1.2874525221379407,24.0,2008.0
611,3.4710707220080397,-1.6888978346592107,33.713518895948965,1.6764295302013423,2.1074597315436243,1393.7897449664429,1.3090153642307354,24.0,2008.0
613,3.475472204020004,-1.6979281889133206,33.86531768239223,1.685264,2.12023,1403.0709566666667,1.3250793286429356,24.0,2008.0
1,3.556946061827572,-1.990533350635129,32.142777859921516,-1.9788233502538073,2.650081218274112,1812.0874974619292,2.035337591005598,24.0,2008.0
3,3.5614758013870795,-1.990277542145709,32.29307515705474,-1.978668367346939,2.655775510204082,1803.1433724489798,2.0251402460314116,24.0,2008.0
5,3.566752469641321,-1.9899467848963857,32.24414709253608,-1.9785333333333335,2.6618000000000004,1793.8093794871795,2.013326371345464,24.0,2008.0
7,3.568795337151627,-1.989600928209944,32.14711742429942,-1.9784103092783505,2.6641443298969074,1784.3594278350515,2.0132846655407413,24.0,2008.0
9,3.5639705032899403,-1.9895483606575701,32.06687277315467,-1.9784381443298968,2.659417525773196,1783.5013505154639,2.000528337624771,24.0,2008.0
11,3.5735512387791406,-1.9901040351037365,32.03447836207717,-1.978657435897436,2.6672923076923074,1793.4977589743592,2.0138990759931645,24.0,2008.0
13,3.5711391343785897,-1.9900886222380372,32.11157496697372,-1.9786112820512822,2.6654256410256414,1792.8422461538462,2.013101105626967,24.0,2008.0
15,3.5681507462163045,-1.9891170520197217,32.11257624247177,-1.9781267015706807,2.6627958115183246,1756.5707643979058,1.9687898262728396,24.0,2008.0
17,3.5692834155812436,-1.9892116643905464,32.03566207329278,-1.9779873684210527,2.664257894736842,1745.8955684210525,1.9681661764334246,24.0,2008.0
19,3.563388513484578,-1.989191243247005,31.99527968872302,-1.9779642105263158,2.659,1746.0239315789474,1.9572307917560536,24.0,2008.0
21,3.566658719765511,-1.9891317699701734,31.87412757184136,-1.9779439153439156,2.6606031746031746,1736.7096984126983,1.9455991514129352,24.0,2008.0
24,3.5687035970122847,-1.9887805507702208,32.120959708576166,-1.9776556149732623,2.662352941176471,1717.784090909091,1.9347505044841131,24.0,2008.0
26,3.569207084156356,-1.9887320866401275,32.11021168908644,-1.9775182795698925,2.6636182795698926,1708.225698924731,1.9232799539368028,24.0,2008.0
28,3.5659271296109383,-1.9887200290368634,31.989061278918147,-1.9775139784946238,2.6609301075268816,1707.6932258064517,1.911889930948487,24.0,2008.0
30,3.5612417270649486,-1.9887874042287874,31.878814448635442,-1.9773881081081082,2.6568162162162166,1698.3709945945948,1.9010667141979303,24.0,2008.0
32,3.557881987836072,-1.9885910895930397,31.767450711024402,-1.977279347826087,2.6531304347826086,1688.5975869565218,1.8891989948061458,24.0,2008.0
34,3.5628243724377704,-1.9884892463229662,31.789916349636584,-1.9771781420765027,2.657338797814208,1679.5417049180328,1.878278372248849,24.0,2008.0
36,3.5591953280168633,-1.9883474274444874,31.82883467218067,-1.977047252747253,2.6534615384615385,1670.3903406593408,1.8675697161520206,24.0,2008.0
38,3.558090616558098,-1.9774549866256104,31.890449470827836,-1.9660538461538462,2.6421263736263736,1669.7937802197803,1.8675892574453767,24.0,2008.0
41,3.5658994621578533,-1.9892347833261184,31.51177053595285,-1.9782187500000001,2.656510416666667,1765.513078125,1.979626548250818,24.0,2008.0
45,3.5708142093488724,-1.9890474874073774,31.874488497680712,-1.9779547368421053,2.6626894736842104,1746.6842315789474,1.9575499080884025,24.0,2008.0
49,3.5666817833633124,-1.988682950523383,31.539114536389718,-1.9778169312169314,2.660365079365079,1737.6627513227513,1.9458150170787551,24.0,2008.0
53,3.566839274502584,-1.9885447318884866,31.220866832188786,-1.9775946524064172,2.659668449197861,1718.3130374331552,1.9242461121680094,24.0,2008.0
57,3.5710519693928755,-1.9885639445355099,31.119005145018033,-1.9776755319148935,2.663840425531915,1727.275670212766,1.9459811331421641,24.0,2008.0
61,3.5666308474029793,-1.9880563928902786,31.033244078156734,-1.977220652173913,2.6591521739130433,1689.6680706521743,1.9014079305530789,24.0,2008.0
65,3.5527392240854914,-1.9772969675547492,31.001249222460967,-1.9663858695652174,2.6360869565217393,1688.6594782608695,1.8786742136800851,24.0,2008.0
69,3.5560959755046615,-1.9771693646864965,30.92143474404136,-1.9661879781420766,2.63872131147541,1680.233169398907,1.8683061328264219,24.0,2008.0
73,3.5504500858303394,-1.9660385076397233,30.929360248207214,-1.9552841530054645,2.620950819672131,1679.238355191257,1.8560244070082998,24.0,2008.0
77,3.5460070836403115,-1.9445990482746274,31.008109657930795,-1.9334426229508197,2.5915628415300547,1679.2831967213115,1.8451997961855777,24.0,2008.0
81,3.554257954720065,-1.9769156942357176,30.96779499306422,-1.9660329670329673,2.6354725274725275,1670.9220934065934,1.857228890885317,24.0,2008.0
85,3.5558574696779788,-1.9997552547832569,31.10097217303459,1.9882900269541781,2.647320754716981,1733.8072614555256,1.9247760889090637,24.0,2008.0
89,3.5537306734803207,-1.9884344406296763,31.307368922041046,1.977135890410959,2.633427397260274,1705.8462164383561,1.8822317526092551,24.0,2008.0
93,3.5452650003621513,-1.977131099996694,31.131339987164562,1.9659768595041325,2.615388429752066,1696.4787851239669,1.855276687885587,24.0,2008.0
97,3.538408778928339,-1.965705768920947,30.828713779105055,1.9548204419889503,2.5974806629834255,1691.6339806629835,1.8392508917181876,24.0,2008.0
101,3.529768831133267,-1.9542494702422437,30.761533072057244,1.943483888888889,2.5765,1682.8217166666666,1.8185396073994426,24.0,2008.0
105,3.5300676840423306,-1.9490605727432448,31.30305692941581,1.9379655555555555,2.567927777777778,1682.8505666666667,1.8134770059567056,24.0,2008.0
109,3.5248882875629564,-1.9373547119632697,31.064321446780134,1.9266038997214485,2.5514401114206127,1677.6330139275765,1.7971018450305436,24.0,2008.0
113,3.5190926887152725,-1.9312604088713479,30.96654665282149,1.9205871148459386,2.539901960784314,1668.2284341736695,1.7810046294120476,24.0,2008.0
117,3.515181023027099,-1.925413982519257,30.826455697992966,1.9147432584269664,2.527817415730337,1663.9107808988765,1.7710130422682326,24.0,2008.0
121,3.514029112834161,-1.9198444871883995,31.080769482413956,1.9089329577464789,2.516619718309859,1659.1183577464788,1.760471244817094,24.0,2008.0
125,3.514139684003936,-1.908733158939213,31.694287817425337,1.8977346478873243,2.503783098591549,1659.0365295774648,1.7502913788006587,24.0,2008.0
129,3.509578354212467,-1.90276801874341,31.875581783696692,1.8917581920903956,2.4927966101694916,1654.2645677966102,1.7394925037732578,24.0,2008.0
133,3.5110708693292705,-1.9093247566511211,31.543288143901556,-1.8985675977653633,2.5122849162011174,1639.2639497206703,1.7546766553637203,24.0,2008.0
135,3.5159179315855056,-1.930637216793332,31.420983409991017,1.9199203389830508,2.5359519774011297,1654.5475056497176,1.7659390941842172,24.0,2008.0
139,3.505853407270779,-1.907114151507875,31.15837149963786,1.8967727272727273,2.4963892045454545,1644.689880681818,1.733788741962484,24.0,2008.0
143,3.5010379345914444,-1.8953541357988335,31.15661421699882,1.8847577142857144,2.4762742857142857,1635.3817171428573,1.7133259120407338,24.0,2008.0
147,3.4974076626364967,-1.8892713805954209,31.206611383963253,1.8787289398280804,2.463630372492837,1630.6119570200572,1.7024077813673466,24.0,2008.0
149,3.5388872766749144,-1.9819359924929794,33.61169282822635,1.9711168539325845,2.6103202247191013,1663.7565028089887,1.82371946178183,24.0,2008.0
153,3.5327430295356828,-1.9653277079992455,32.85630077141311,1.9542286516853935,2.5867078651685396,1663.5275196629213,1.808128405031471,24.0,2008.0
157,3.521214759733266,-1.9470636598230844,32.210981559158874,1.936715014164306,2.5573767705382435,1649.7849801699717,1.7757610945034286,24.0,2008.0
161,3.5093111439506672,-1.92416284263864,31.965090081650274,1.913577207977208,2.519803418803419,1640.4004786324786,1.7447409841836798,24.0,2008.0
165,3.50716091973708,-1.9124470439353745,31.744801840189538,1.9018851428571428,2.502922857142857,1636.1661114285714,1.729207034132373,24.0,2008.0
169,3.500928918686389,-1.8950209973545986,31.876564068962463,1.8844647564469916,2.4735787965616045,1630.8346131805158,1.7081086552553244,24.0,2008.0
173,3.497301989882089,-1.8837082435178907,32.24289319481841,1.8730355300859602,2.455965616045845,1630.6591977077362,1.697595423746177,24.0,2008.0
177,3.4929038301187156,-1.8716651994380058,32.07305565938816,1.8611735632183908,2.437537356321839,1626.42533045977,1.6820634524029463,24.0,2008.0
181,3.488659224822318,-1.8654809345089407,32.030140929891196,1.855014985590778,2.426706051873199,1621.600925072046,1.6714768322295084,24.0,2008.0
185,3.4822930804774015,-1.8592903578575999,31.984935871368254,1.8488052023121386,2.4115606936416185,1616.5487167630058,1.6607591387047655,24.0,2008.0
189,3.4775756641979827,-1.848156298789804,32.23677365476226,1.8373369942196534,2.391008670520231,1617.2792080924855,1.651121015038069,24.0,2008.0
193,3.4787436506489255,-1.8415742473538441,32.56097148037261,1.8310591304347827,2.384573913043478,1612.0939710144928,1.6401349256190927,24.0,2008.0
197,3.474015246128886,-1.8297533943331727,32.48984985901219,1.8194347826086958,2.36735652173913,1611.9802086956522,1.6291999416165441,24.0,2008.0
201,3.4718387718772696,-1.8170860697729954,32.42612199208858,1.80672361516035,2.3472215743440232,1603.143029154519,1.6088496302961666,24.0,2008.0
205,3.463180130644551,-1.8111560774496662,32.29984271249386,1.800879300291545,2.3328338192419826,1602.9099008746357,1.6035244898969248,24.0,2008.0
209,3.463469391967206,-1.8113056300795982,32.610757585145336,1.8004222222222224,2.330254385964912,1598.327128654971,1.5989712144027983,24.0,2008.0
213,3.460218051640069,-1.803802475704306,32.25699351958767,1.7938815249266864,2.320041055718475,1593.7834838709675,1.5876273123575606,24.0,2008.0
215,3.462574876665621,-1.798243995365904,32.47193402838835,1.788001759530792,2.317692082111437,1594.0499208211145,1.5829719744686168,24.0,2008.0
219,3.4537077937586056,-1.785796380861582,32.40219271195366,1.775618823529412,2.2912088235294115,1589.5361411764707,1.5671376367135628,24.0,2008.0
223,3.4514035349888337,-1.7850748194527641,32.30987415652578,1.7749634218289088,2.285702064896755,1584.184436578171,1.5613446139713885,24.0,2008.0
227,3.450781146333252,-1.778591666045787,32.35440526839344,1.768414201183432,2.27503550295858,1579.7853461538464,1.5511711892790419,24.0,2008.0
231,3.4461055724505925,-1.7727874712030285,32.4731363791227,1.7625065088757397,2.2648757396449706,1579.6517159763314,1.540674160629517,24.0,2008.0
235,3.4418152533277135,-1.7601807681971697,32.52334649341759,1.74993234421365,2.2442967359050443,1575.2785133531156,1.525313874462443,24.0,2008.0
239,3.445008015985666,-1.7653027883569699,32.51826482349104,1.7551404761904763,2.251517857142857,1570.2029732142857,1.5301570318067428,24.0,2008.0
243,3.4411646879750233,-1.7593486488770236,32.5437072434024,1.7491755952380954,2.2415565476190475,1570.1018065476192,1.5246566834474085,24.0,2008.0
247,3.443620591429828,-1.7526167898737661,32.56222309600736,1.7424805970149253,2.232925373134328,1565.6554298507463,1.5145492986655427,24.0,2008.0
251,3.439943269617906,-1.7516949849801622,32.58978020040808,1.7416934131736526,2.2287305389221554,1561.2765538922156,1.509391504602082,24.0,2008.0
255,3.43602719305159,-1.7510429704035002,32.57089563557426,1.740908708708709,2.2244174174174174,1556.3934474474474,1.5039974333050705,24.0,2008.0
259,3.436309312279291,-1.7388746112390865,32.537854347094196,1.728888288288288,2.206984984984985,1556.258093093093,1.4935201918040188,24.0,2008.0
263,3.4304702277711536,-1.7386225471395753,32.65645090520509,1.7289219219219218,2.201558558558559,1556.0419279279279,1.4876323024497422,24.0,2008.0
265,3.4417311090871063,-1.7870762809520677,33.180785234653264,1.7769105105105103,2.281807807807808,1556.3573633633634,1.5302876214401704,24.0,2008.0
269,3.4355429213552537,-1.7612682208672186,32.71220835503141,1.751318429003021,2.2393504531722055,1547.1489577039274,1.5040760088360112,24.0,2008.0
273,3.4272336842373576,-1.7545532300777185,32.543943889007906,1.744538787878788,2.222924242424243,1542.7372333333333,1.4887593608730894,24.0,2008.0
277,3.4307536518687556,-1.7364250156958492,32.6655410721976,1.7264660606060604,2.1982545454545455,1542.6902606060607,1.4782779285546637,24.0,2008.0
281,3.430880434209888,-1.7371686757879774,33.160922870564626,1.726570303030303,2.195630303030303,1542.4159666666667,1.478459982215684,24.0,2008.0
285,3.431984614031654,-1.7358183569582517,33.414445545408455,1.725651671732523,2.1975896656534952,1538.2373343465044,1.473214844899973,24.0,2008.0
289,3.426913589626702,-1.7297302660430056,33.3541679486525,1.7195550151975685,2.1855258358662613,1537.6691367781154,1.4675164935067897,24.0,2008.0
293,3.4220422356705145,-1.7278671098991139,33.13634596100404,1.7177755351681956,2.179492354740061,1528.198758409786,1.4516292657521335,24.0,2008.0
297,3.4202687142856667,-1.7269073147637581,32.92241762841388,1.7169269938650307,2.1746257668711655,1523.9880644171778,1.4519237720967177,24.0,2008.0
301,3.4248208106770663,-1.7211995934038338,33.20338483123576,1.7109233128834358,2.166021472392638,1524.1397116564417,1.4471484694777745,24.0,2008.0
305,3.4234990883192666,-1.7211411147327178,33.53395065406694,1.7108981595092023,2.167450920245399,1523.8669601226995,1.4468538105659885,24.0,2008.0
309,3.4247420964314865,-1.7200547727480755,33.57679340556269,1.7099932307692307,2.1667199999999998,1519.0259753846153,1.4416741930284678,24.0,2008.0
312,3.450702139255875,-1.8210481343824243,33.224088400657315,1.810393510324484,2.3214896755162244,1584.5456371681416,1.5935866593100128,24.0,2008.0
315,3.4480475429907522,-1.8214457034236045,33.37083344726966,1.8107063829787233,2.3284832826747723,1537.650340425532,1.5463902376915637,24.0,2008.0
319,3.4399481891896455,-1.7899159936953069,33.43366634309322,1.7796335365853662,2.276801829268293,1532.9483170731708,1.51470559175661,24.0,2008.0
323,3.4341129145012426,-1.7769345930773324,33.28676739403042,1.7667003058103976,2.25368501529052,1528.3178837920489,1.4989786083335404,24.0,2008.0
327,3.4325600940363916,-1.7640032117743045,33.14347737377552,1.7537288343558282,2.231447852760736,1523.5166963190184,1.4831110745410492,24.0,2008.0
331,3.4270614887575666,-1.7571701008871028,33.11021541795579,1.7468947692307693,2.217843076923077,1519.0782246153847,1.4729664825468278,24.0,2008.0
335,3.427340316812041,-1.7502670210777267,33.18991802149879,1.7399543209876545,2.2096851851851853,1514.6597808641975,1.4627604396099307,24.0,2008.0
339,3.4234821978884367,-1.743961424321651,33.26265398635676,1.7337580246913582,2.1972623456790124,1514.2951697530864,1.4518364681062514,24.0,2008.0
343,3.4220957701069374,-1.736850855663561,33.299978841087025,1.726738080495356,2.186699690402477,1510.0479783281735,1.4468670644030392,24.0,2008.0
347,3.421883545422636,-1.7360045229798653,33.31663547841367,1.7259136645962732,2.1831304347826084,1504.8059409937887,1.441380399427779,24.0,2008.0
351,3.4195777411151895,-1.7296901170777967,33.39150630507064,1.7197062111801242,2.174552795031056,1505.2133354037267,1.431210744960774,24.0,2008.0
355,3.4175281789596474,-1.7287954627467013,33.41522427488497,1.7188218068535825,2.170299065420561,1500.6224112149532,1.4260247179525716,24.0,2008.0
359,3.4197860540725715,-1.7216729981632184,33.39690850726103,1.71168875,2.161678125,1495.9097625,1.420487649966195,24.0,2008.0
363,3.4171369298988705,-1.7228162229694663,33.73731993653,1.7127171339563863,2.1575700934579443,1500.4835887850468,1.4207006230355006,24.0,2008.0
366,3.430534714129362,-1.7486639022205694,34.08965316576344,1.7383515527950313,2.2144906832298137,1505.2351055900622,1.452255804330839,24.0,2008.0
370,3.425084418097287,-1.7345160724760178,33.99872865937691,1.72423,2.182525,1496.0002093750002,1.431557632772571,24.0,2008.0
374,3.4171339862792944,-1.7271570233190525,33.907397114007345,1.7170921630094047,2.1661974921630094,1490.655169278997,1.415015751158943,24.0,2008.0
378,3.4175214670406024,-1.7305179027385762,33.70518417605219,1.7207164556962025,2.1683006329113925,1476.8261265822784,1.4097311506517451,24.0,2008.0
382,3.4181623236680356,-1.7141443638380731,33.7458832944166,1.7036974842767296,2.1433930817610065,1485.8575188679245,1.404917318129309,24.0,2008.0
386,3.4203319359051187,-1.7067823273466602,34.01657212624259,1.6965444794952682,2.1350851735015772,1482.2517665615142,1.395164296571563,24.0,2008.0
390,3.4192916311692456,-1.7063596521950197,34.175023374593785,1.696407570977918,2.136123028391167,1482.0467570977917,1.3945343832614077,24.0,2008.0
394,3.414352330355796,-1.7052696591517467,33.976109677640174,1.6954037974683545,2.1306930379746833,1477.5040221518987,1.3893171179312644,24.0,2008.0
398,3.412701167144591,-1.7046265574439607,33.84150372451663,1.694504761904762,2.1253079365079364,1472.2304507936508,1.3838379472327809,24.0,2008.0
402,3.410409522809144,-1.6985503106996724,34.1008464215818,1.6882679365079365,2.116161904761905,1472.0868380952381,1.3736814238195123,24.0,2008.0
406,3.414419320260644,-1.6982347588599789,34.34663683304219,1.6881828571428572,2.1187873015873016,1472.3190730158728,1.3786059891863676,24.0,2008.0
410,3.413171003239531,-1.6971165805711328,34.216231530637586,1.6871496815286624,2.116595541401274,1468.147484076433,1.3737600299108574,24.0,2008.0
414,3.4107019261975147,-1.6959199401004303,34.04161702016118,1.686141853035144,2.111776357827476,1463.1330575079871,1.3682580583942712,24.0,2008.0
418,3.4089059214760358,-1.695316312095746,33.890212870710734,1.6851794871794874,2.107852564102564,1458.7075352564102,1.3633024037317505,24.0,2008.0
422,3.4134080258317576,-1.689038351243322,34.116762412437,1.678875,2.0984102564102565,1458.4665512820513,1.3580966140172601,24.0,2008.0
426,3.411221044859533,-1.6892403112189367,34.490493589415046,1.678894230769231,2.102355769230769,1458.8291474358975,1.353269090999531,24.0,2008.0
430,3.4155210852213678,-1.710200761480816,34.23744800906639,1.7000292993630575,2.1353503184713376,1467.6625987261145,1.3841605738237488,24.0,2008.0
432,3.4229838362549785,-1.730244918610445,34.414288860504534,1.7199250793650795,2.175015873015873,1472.271019047619,1.4051467790651473,24.0,2008.0
436,3.414757022019347,-1.7152465923901479,34.16445180476378,1.7053041533546327,2.1417571884984024,1463.249463258786,1.378719022627353,24.0,2008.0
440,3.41435871627236,-1.7013404928191729,33.877146811272176,1.691546794871795,2.119301282051282,1458.6525224358975,1.3682657783199066,24.0,2008.0
444,3.4091886698418046,-1.7004366132157598,33.839566254190565,1.6905717041800645,2.1133504823151124,1453.307073954984,1.3573151296618016,24.0,2008.0
448,3.411930366643558,-1.6873533635265772,33.818304796930946,1.6777163987138264,2.096906752411576,1454.1212604501607,1.3524934638801596,24.0,2008.0
452,3.4094417183837504,-1.6919294969110734,33.812621135472135,1.6821016181229773,2.0997831715210356,1444.7104627831716,1.3474099151661236,24.0,2008.0
456,3.4081896097479873,-1.685295293957942,33.79894614410012,1.6756323624595468,2.091456310679612,1444.6623171521037,1.3370075130842318,24.0,2008.0
460,3.40737851449911,-1.6787428835073943,33.702723745621576,1.6691533980582525,2.080430420711974,1444.231132686084,1.3312352966718526,24.0,2008.0
464,3.4085862639015,-1.6712137513430336,33.63562651984647,1.6616019480519482,2.070675324675325,1439.5553149350649,1.3259303781727643,24.0,2008.0
468,3.404843616147767,-1.6768931248947176,33.690724061796516,1.667013029315961,2.0741107491856674,1435.4171009771987,1.321578743867529,24.0,2008.0
472,3.4081057374178703,-1.6701186583642822,33.71317033815572,1.6604905537459282,2.0671433224755704,1435.3610716612377,1.321225074066109,24.0,2008.0
476,3.4091728540380735,-1.6634753413292604,33.65376593260611,1.653971335504886,2.0594495114006515,1434.9915504885994,1.3156485301862682,24.0,2008.0
480,3.4110817622184233,-1.6645875549232954,33.983578066068176,1.6552292207792207,2.0605162337662337,1439.9368214285714,1.3209025697502388,24.0,2008.0
482,3.416748624671715,-1.6918384605140162,33.816348135475515,1.6820860841423948,2.11257928802589,1444.7526084142394,1.3474328767273906,24.0,2008.0
484,3.4169689184247174,-1.6711981411684524,33.60692030225909,1.661601298701299,2.0812435064935064,1439.4842727272728,1.3260128072353616,24.0,2008.0
488,3.4105763913818787,-1.6632769410531225,33.47350597721994,1.6539661237785017,2.0597035830618893,1434.9474820846906,1.3101186784831063,24.0,2008.0
492,3.4113335283009314,-1.6559085740676294,33.20917872762011,1.6463424836601308,2.047421568627451,1430.2198071895425,1.30521620229393,24.0,2008.0
496,3.408128334555718,-1.6561009220603313,33.58088963686094,1.6463797385620915,2.046859477124183,1430.6596274509805,1.3004061951355774,24.0,2008.0
500,3.4125732422699135,-1.649325950842979,33.764008619560336,1.6397601307189542,2.042049019607843,1430.6950228758171,1.300235735841116,24.0,2008.0
504,3.407693686560287,-1.6481131076816378,33.57003564415372,1.6385731147540985,2.0371573770491804,1425.914206557377,1.2895066722480755,24.0,2008.0
508,3.4073499608041957,-1.6402541382604887,33.272050895552354,1.6307546052631579,2.026506578947368,1421.5815888157895,1.279253057384795,24.0,2008.0
512,3.409292163767801,-1.6339151095418003,33.12740933210319,1.6242565789473684,2.0159078947368423,1421.1297171052631,1.2792078171714618,24.0,2008.0
516,3.4095492354804775,-1.6340244573659815,33.439116773449626,1.6243105263157895,2.0158914473684213,1421.0231644736843,1.274036760902923,24.0,2008.0
520,3.410318915287339,-1.632488007933941,33.482874768414376,1.6230323432343234,2.0155148514851486,1416.9057326732673,1.2741273923001468,24.0,2008.0
524,3.409269478846638,-1.6192610042624405,33.22136307064441,1.6097742574257425,1.997102310231023,1416.9549372937295,1.2637639426440779,24.0,2008.0
528,3.4094374435069086,-1.6178242977824624,32.985627389014255,1.6084596026490066,1.9933178807947018,1411.9015264900663,1.2581373688955233,24.0,2008.0
532,3.403885091976961,-1.6181015728870058,32.97018278153956,1.6085456953642383,1.987609271523179,1412.1604337748345,1.253259864055301,24.0,2008.0
536,3.4065929107527846,-1.6180985297864203,33.310187161384796,1.6085774834437088,1.9903609271523182,1412.1636125827815,1.2532313315493426,24.0,2008.0
540,3.4095930016592684,-1.6103535053387172,33.23406652671602,1.6006019933554818,1.9811196013289036,1407.4723189368772,1.2480874960313577,24.0,2008.0
544,3.409409922814414,-1.611644410040853,33.117656712920734,1.6019509933774834,1.9821854304635762,1412.2711490066224,1.2534354284944844,24.0,2008.0
547,3.4195489282896947,-1.6420364978388977,33.784170366860046,1.632057049180328,2.0376426229508198,1425.7798721311474,1.2898048773266901,24.0,2008.0
551,3.4151799904187996,-1.6194806393973795,33.806439563441614,1.6098072607260727,1.9978811881188117,1416.5705247524752,1.2635402021758835,24.0,2008.0
555,3.415459492515909,-1.6048643562670926,33.63735785291911,1.5952569536423842,1.9760331125827812,1412.0950198675496,1.2479761706842853,24.0,2008.0
559,3.4130336456755868,-1.5916400783224374,33.58195933847607,1.5820225165562913,1.956155629139073,1412.0039006622517,1.2321202877943334,24.0,2008.0
563,3.409452435657409,-1.5901105081883435,33.56245583951572,1.5806332225913622,1.9503654485049833,1407.4806644518271,1.2271137666213534,24.0,2008.0
567,3.4138496008165022,-1.5767754479909835,33.51112675326549,1.5673415282392025,1.9342956810631229,1407.8983920265782,1.2217397581377356,24.0,2008.0
571,3.4109006721250426,-1.5752626731734423,33.53675907012135,1.56591,1.9295033333333333,1402.69259,1.211102678915174,24.0,2008.0
575,3.4105744140130074,-1.5684640005188113,33.49803069556778,1.559248,1.9212266666666669,1402.5220166666666,1.2056159765131735,24.0,2008.0
579,3.409651424735992,-1.5671286757845893,33.516977262709986,1.557848160535117,1.9177391304347826,1398.2912274247492,1.2008936262717274,24.0,2008.0
583,3.4128578373442537,-1.5537993411647464,33.531923269271225,1.5444735785953176,1.902561872909699,1398.6769130434782,1.1905903985558335,24.0,2008.0
587,3.4134509017056525,-1.5521827524962775,33.5676361695843,1.5429087248322149,1.9005973154362417,1393.6352751677853,1.185179251041941,24.0,2008.0
591,3.414388187503409,-1.5452652929126824,33.60493096509702,1.5361557046979866,1.89253355704698,1393.5037281879195,1.1796706818144624,24.0,2008.0
595,3.4124190388130606,-1.5386517708253251,33.54281440778599,1.5294818791946307,1.8808456375838924,1393.605275167785,1.1745952836753915,24.0,2008.0
599,3.4148103057455175,-1.516972377433986,33.472459360982775,1.50773468013468,1.8533265993265993,1388.9813872053871,1.15381833159625,24.0,2008.0
603,3.4166177332600998,-1.5238501013926742,33.58210389885497,1.5144821548821548,1.8630269360269358,1389.3044511784512,1.1644009557372264,24.0,2008.0
607,3.4121341541171764,-1.5237928146868023,33.663460510838405,1.514488888888889,1.8599494949494948,1388.6851851851852,1.1587974947916069,24.0,2008.0
611,3.419700177568569,-1.5391310859398721,33.730546074122294,1.5295798657718123,1.8894697986577182,1393.7897449664429,1.1749748834769171,24.0,2008.0
613,3.4234687742187893,-1.5426703969635054,33.8912822372509,1.5328073333333334,1.89745,1403.0709566666667,1.1856752327929356,24.0,2008.0
1,3.522006703394617,-1.8691188840185695,32.6248587514212,-1.8782,2.4725939086294417,1812.0874974619292,1.89105229539079,24.0,2008.0
3,3.531949043431711,-1.8680422715350307,32.738209593287145,-1.8775836734693876,2.482372448979592,1803.1433724489798,1.880637027686859,24.0,2008.0
5,3.5344025220217836,-1.877784734502072,32.68511456550919,-1.887209230769231,2.496902564102564,1793.8093794871795,1.8806626717011388,24.0,2008.0
7,3.5349250493265205,-1.8875256535871228,32.554748499572646,-1.896936082474227,2.509113402061856,1784.3594278350515,1.8807709009833444,24.0,2008.0
9,3.5345366400687874,-1.8871559747738402,32.467878453032974,-1.896936082474227,2.5085257731958763,1783.5013505154639,1.8794508728285058,24.0,2008.0
11,3.5411626672196825,-1.8675154082122565,32.48624734055599,-1.8769579487179486,2.4888256410256413,1793.4977589743592,1.8807003517117404,24.0,2008.0
13,3.541165612176161,-1.8673304059806155,32.557799663530375,-1.876956923076923,2.4896871794871793,1792.8422461538462,1.8799352523566073,24.0,2008.0
15,3.549458117635798,-1.9063154499484403,32.45374435641106,-1.9162554973821988,2.5427277486910995,1756.5707643979058,1.8815088124038795,24.0,2008.0
17,3.5502805464079743,-1.916425930003817,32.373246444985035,-1.9263378947368421,2.5552315789473683,1745.8955684210525,1.8696907870385844,24.0,2008.0
19,3.5481347674910286,-1.9165016044519978,32.30534276235139,-1.9263378947368421,2.5536421052631577,1746.0239315789474,1.870052380139199,24.0,2008.0
21,3.5484272148956437,-1.926771167846017,32.183319483399806,-1.936526984126984,2.5636931216931216,1736.7096984126983,1.870044239418858,24.0,2008.0
24,3.5560433603714667,-1.936979366983281,32.378853181816005,-1.946539037433155,2.5809304812834224,1717.784090909091,1.8596518987766364,24.0,2008.0
26,3.5604849642800684,-1.9470657746655176,32.2913249500013,-1.9570010752688174,2.5966720430107526,1708.225698924731,1.8590746560862206,24.0,2008.0
28,3.5562872542469752,-1.946961601670498,32.14782797344657,-1.9570010752688174,2.592736559139785,1707.6932258064517,1.8590084577709232,24.0,2008.0
30,3.5647746218187315,-1.946851050742258,32.01380948237793,-1.95676972972973,2.600535135135135,1698.3709945945948,1.8593622586957048,24.0,2008.0
32,3.565438928797127,-1.9574063719005568,31.881310103471357,-1.9674,2.6122010869565218,1688.5975869565218,1.8587355450601035,24.0,2008.0
34,3.5659616791086384,-1.9680136940585702,31.854304304240507,-1.9781475409836065,2.6224972677595626,1679.5417049180328,1.847817291322145,24.0,2008.0
36,3.572496559005355,-1.9680499927642312,31.85655540457675,-1.9780274725274725,2.6290219780219783,1670.3903406593408,1.8485252916137047,24.0,2008.0
38,3.5699492020415127,-1.968021891221391,31.867182607083926,-1.9780285714285712,2.6271208791208793,1669.7937802197803,1.848378951850034,24.0,2008.0
41,3.5464338449590023,-1.9066656790606797,32.35216872128999,-1.9166916666666667,2.5370052083333334,1765.513078125,1.8807805437609766,24.0,2008.0
45,3.5531968089006387,-1.926711860467766,32.60219299451182,-1.936861052631579,2.5664526315789473,1746.6842315789474,1.8814721597443598,24.0,2008.0
49,3.5599340214678796,-1.9260915660103675,32.19571819720114,-1.936526984126984,2.5725449735449737,1737.6627513227513,1.8810954313244783,24.0,2008.0
53,3.5595604968238,-1.9468340181835688,31.805988160181123,-1.9572320855614975,2.593903743315508,1718.3130374331552,1.8710089649779995,24.0,2008.0
57,3.552385161941813,-1.936419689671865,31.737001978644926,-1.946823404255319,2.5766861702127657,1727.275670212766,1.8701995151941373,24.0,2008.0
61,3.5707670304281067,-1.9675984733558027,31.51707667966367,-1.9782673913043478,2.624940217391304,1689.6680706521743,1.8706715362800985,24.0,2008.0
65,3.5657224847439295,-1.9680130544442065,31.442860781038384,-1.978266304347826,2.6197717391304347,1688.6594782608695,1.8596124644020169,24.0,2008.0
69,3.5712835067487103,-1.9675572757550353,31.32326275303232,-1.9781486338797813,2.6257158469945354,1680.233169398907,1.860033909718346,24.0,2008.0
73,3.5679716274891393,-1.967618505240168,31.285715705797358,-1.9781475409836065,2.6219016393442622,1679.238355191257,1.8591653109160768,24.0,2008.0
77,3.5646314038791784,-1.9678214300979182,31.331850868998007,-1.9781475409836065,2.6185792349726777,1679.2831967213115,1.8481398178778288,24.0,2008.0
81,3.5689838889211942,-1.9675056354779956,31.322857339322585,-1.9780274725274725,2.6230274725274727,1670.9220934065934,1.849201702126164,24.0,2008.0
85,3.5646206889443164,-1.9683447778186902,31.608436452122476,1.9784425876010783,2.6102048517520213,1733.8072614555256,1.8834677437950846,24.0,2008.0
89,3.5694388142217846,-1.9788067754387157,31.78210150116521,1.9890438356164384,2.625654794520548,1705.8462164383561,1.8628211117905842,24.0,2008.0
93,3.568742147335628,-1.9785908218423578,31.51504198920288,1.9889834710743801,2.6261184573002754,1696.4787851239669,1.852085039652352,24.0,2008.0
97,3.5642424070467817,-1.9784335668087776,31.13866351339678,1.988953038674033,2.62296408839779,1691.6339806629835,1.8469504648208706,24.0,2008.0
101,3.5653038098527605,-1.9781601679702334,31.068710515588776,1.9888922222222223,2.622475,1682.8217166666666,1.836828431169018,24.0,2008.0
105,3.565432167703823,-1.9783765899690637,31.618244836823447,1.9888916666666665,2.6205944444444444,1682.8505666666667,1.8371619619672275,24.0,2008.0
109,3.562230316345143,-1.9780771457931066,31.331528063668397,1.9888607242339833,2.6193119777158773,1677.6330139275765,1.8316722583718854,24.0,2008.0
113,3.564481026852489,-1.9780971417908426,31.132569191182146,1.9887988795518208,2.62209243697479,1668.2284341736695,1.821147095131778,24.0,2008.0
117,3.5616145567805746,-1.977978349880126,30.972969676157927,1.9887674157303372,2.619429775280899,1663.9107808988765,1.816506091511515,24.0,2008.0
121,3.5630587459190144,-1.9784334957218424,31.1990648511682,1.9887357746478875,2.6181464788732396,1659.1183577464788,1.8113815601504555,24.0,2008.0
125,3.5629534367704405,-1.9782873833989176,31.722267598269813,1.9887357746478875,2.615780281690141,1659.0365295774648,1.8116056333939583,24.0,2008.0
129,3.5634460120762426,-1.9781961432676647,31.900827580605675,1.98870395480226,2.6175169491525425,1654.2645677966102,1.8060548955557405,24.0,2008.0
133,3.563998342345823,-1.9670969462670502,31.537240249861696,-1.9776592178770949,2.6138212290502794,1639.2639497206703,1.8132041826994054,24.0,2008.0
135,3.5604902283110547,-1.978121464370373,31.24662583059252,1.98870395480226,2.6173389830508476,1654.5475056497176,1.8062641938283532,24.0,2008.0
139,3.5567002097886946,-1.9780364457328714,30.939399361884792,1.9886397727272729,2.6127159090909093,1644.689880681818,1.7958310249900458,24.0,2008.0
143,3.558412726344601,-1.977935781469453,30.884857004354572,1.9885748571428572,2.613202857142857,1635.3817171428573,1.7858852600390454,24.0,2008.0
147,3.556136820956993,-1.9780170042003,30.92068231669583,1.9885421203438396,2.6110458452722063,1630.6119570200572,1.7803268604502753,24.0,2008.0
149,3.5689999421804925,-1.9779140108313502,33.880577817079796,1.9887668539325842,2.621143258426966,1663.7565028089887,1.8150756899575577,24.0,2008.0
153,3.5710592905448726,-1.9781620176423111,33.038339318294426,1.9887668539325842,2.6257780898876404,1663.5275196629213,1.8157025154845838,24.0,2008.0
157,3.5666921284622086,-1.97795533999451,32.27329169539201,1.988671954674221,2.6228470254957506,1649.7849801699717,1.8002432178056675,24.0,2008.0
161,3.563327431073249,-1.9779914337720736,31.937919783481355,1.9886068376068375,2.6202336182336183,1640.4004786324786,1.7904476205609308,24.0,2008.0
165,3.559014621482902,-1.9721889844228173,31.688686599521045,1.9828617142857143,2.6111257142857145,1636.1661114285714,1.780343032300132,24.0,2008.0
169,3.5566945836342914,-1.972325457380414,31.779120691032944,1.9828131805157594,2.6064756446991404,1630.8346131805158,1.775328769596812,24.0,2008.0
173,3.5550139849119238,-1.9668382736785281,32.133873372089305,1.977084240687679,2.598647564469914,1630.6591977077362,1.7702629734732853,24.0,2008.0
177,3.5526373754067406,-1.960929600351624,31.889431533099835,1.9712729885057472,2.5923706896551724,1626.42533045977,1.7600810618542038,24.0,2008.0
181,3.547186025484395,-1.9607588424014128,31.81736328028127,1.9711896253602306,2.587579250720461,1621.600925072046,1.749647593537689,24.0,2008.0
185,3.5468147552443745,-1.9607439129501683,31.723162057461174,1.9711063583815027,2.5858323699421963,1616.5487167630058,1.749650075059311,24.0,2008.0
189,3.5447850172972664,-1.9550964299704847,31.957150654392294,1.965328323699422,2.5751329479768788,1617.2792080924855,1.745028739214683,24.0,2008.0
193,3.5465215420964156,-1.9550589985719389,32.29917704213345,1.9652278260869565,2.5768289855072464,1612.0939710144928,1.7396457455286727,24.0,2008.0
197,3.540832547654255,-1.9491545130405277,32.128842946565555,1.959431884057971,2.565944927536232,1611.9802086956522,1.7285642277717963,24.0,2008.0
201,3.542992511358393,-1.9485230174751031,32.021134355757404,1.959195335276968,2.567661807580175,1603.143029154519,1.723900324588418,24.0,2008.0
205,3.536081116986021,-1.9431227050969841,31.859048861486652,1.9533661807580174,2.553492711370262,1602.9099008746357,1.713978877648519,24.0,2008.0
209,3.5392436935272626,-1.9430080085541772,32.16100333536097,1.9532298245614035,2.5545906432748535,1598.327128654971,1.713970199700461,24.0,2008.0
213,3.5348237062932575,-1.9425165961920097,32.10276048728766,1.953092082111437,2.5516979472140764,1593.7834838709675,1.7036521173638766,24.0,2008.0
215,3.53664774020906,-1.9370190075205085,32.33880662180898,1.9472299120234604,2.550475073313783,1594.0499208211145,1.7040137474382488,24.0,2008.0
219,3.5352062840980913,-1.9310192096578356,32.21373014824893,1.9411941176470588,2.5393617647058826,1589.5361411764707,1.6935716157343033,24.0,2008.0
223,3.5329852237553396,-1.930473835480344,32.09949526722965,1.9410206489675514,2.536268436578171,1584.184436578171,1.6876577363877656,24.0,2008.0
227,3.532158560934324,-1.9305510314753316,32.11305439113157,1.9408455621301777,2.5339201183431954,1579.7853461538464,1.683074435658315,24.0,2008.0
231,3.530837638002353,-1.9247195409983122,32.20371989479744,1.934930177514793,2.528144970414201,1579.6517159763314,1.6779270142025482,24.0,2008.0
235,3.5296958440720014,-1.9245739020356052,32.23340825772458,1.9347370919881306,2.5279406528189914,1575.2785133531156,1.6732060275966172,24.0,2008.0
239,3.5281819372126093,-1.9243785304854075,32.212169716369466,1.9345428571428571,2.524907738095238,1570.2029732142857,1.6674367208253986,24.0,2008.0
243,3.5265730179666974,-1.918402879916178,32.21746401954224,1.9285922619047617,2.517339285714286,1570.1018065476192,1.6622662630667524,24.0,2008.0
247,3.5245022548553444,-1.9181664471622715,32.23410177209762,1.9283797014925375,2.5149164179104475,1565.6554298507463,1.6574243065763063,24.0,2008.0
251,3.5228548406546376,-1.9180994998619483,32.228343983674435,1.9281646706586826,2.512026946107784,1561.2765538922156,1.652538684928734,24.0,2008.0
255,3.5222829121237855,-1.9179522150901998,32.1833106060944,1.9279495495495496,2.5126516516516517,1556.3934474474474,1.6472174627573324,24.0,2008.0
259,3.5189923820688493,-1.9116539768893377,32.17200142078129,1.9219447447447449,2.5025555555555554,1556.258093093093,1.6364136810898071,24.0,2008.0
263,3.5177844279570794,-1.9115865510736896,32.03316223587619,1.9219447447447449,2.4874864864864863,1556.0419279279279,1.6362554312048494,24.0,2008.0
265,3.5212226057273504,-1.9176487188202131,32.506671891788216,1.9279489489489487,2.510990990990991,1556.3573633633634,1.641119179218384,24.0,2008.0
269,3.5172227884430147,-1.9111337702474194,31.96103948562092,1.9214731117824775,2.4979365558912385,1547.1489577039274,1.6315700789656966,24.0,2008.0
273,3.512501086422181,-1.9108556098369363,31.79808267049187,1.9212351515151516,2.4944030303030305,1542.7372333333333,1.621213282987236,24.0,2008.0
277,3.5129614635074664,-1.9049762303506041,31.95802833708937,1.9151769696969698,2.486830303030303,1542.6902606060607,1.6164273214762124,24.0,2008.0
281,3.5125204100391962,-1.9051068520548522,32.418131697462755,1.9151763636363637,2.4847030303030304,1542.4159666666667,1.6158235101619207,24.0,2008.0
285,3.5151454557578807,-1.9049079394753692,32.64044972789331,1.9149179331306991,2.4900364741641337,1538.2373343465044,1.61672418029789,24.0,2008.0
289,3.513443179473182,-1.898761620917719,32.56399373078006,1.908841945288754,2.480863221884498,1537.6691367781154,1.6108655863730024,24.0,2008.0
293,3.5097089402574535,-1.90433828068926,32.28305350922276,1.9143981651376147,2.4863058103975537,1528.198758409786,1.6006603374309376,24.0,2008.0
297,3.5042771471756997,-1.904192698545851,32.06065237439007,1.9141355828220858,2.4811717791411043,1523.9880644171778,1.5959174487005665,24.0,2008.0
301,3.509207943122176,-1.8982712229514884,32.365261126964526,1.9080024539877298,2.475223926380368,1524.1397116564417,1.5962179519462243,24.0,2008.0
305,3.5095064920492853,-1.8977934870545983,32.68851871366292,1.9080024539877298,2.4768435582822086,1523.8669601226995,1.5958065114633972,24.0,2008.0
309,3.505203266169396,-1.9036436467205253,32.747733642524246,1.9138713846153845,2.4807138461538463,1519.0259753846153,1.5906507821480702,24.0,2008.0
312,3.5281182345919753,-1.936992342648715,32.50500516961017,1.9469179941002948,2.5362300884955755,1584.5456371681416,1.6888211161855506,24.0,2008.0
315,3.519590928396835,-1.923340919354826,32.91993878980997,1.9331495440729485,2.5165531914893617,1537.650340425532,1.6259938279733204,24.0,2008.0
319,3.5146260368096875,-1.916884219356136,32.948305858317944,1.9268512195121952,2.504871951219512,1532.9483170731708,1.61574338628129,24.0,2008.0
323,3.5115494818370463,-1.9104721505183633,32.76906651915662,1.9205125382262997,2.4941559633027524,1528.3178837920489,1.6056626764846536,24.0,2008.0
327,3.510769869032658,-1.904277326283454,32.59734424608834,1.9141355828220858,2.4842638036809817,1523.5166963190184,1.5949746921524346,24.0,2008.0
331,3.50804494279531,-1.904002494100001,32.52349894408369,1.9138713846153845,2.4820215384615385,1519.0782246153847,1.5904102438871948,24.0,2008.0
335,3.507748080950393,-1.9036546380501311,32.578228834731775,1.9136061728395064,2.4812499999999997,1514.6597808641975,1.5853517062988178,24.0,2008.0
339,3.5066673521067258,-1.8977146678452774,32.62728298499839,1.9074345679012343,2.474317901234568,1514.2951697530864,1.5799737147242376,24.0,2008.0
343,3.5061843921745397,-1.8973347377958825,32.652115712561326,1.9071467492260064,2.474219814241486,1510.0479783281735,1.5752185465278068,24.0,2008.0
347,3.5051004339266254,-1.8970045774163773,32.64767456395258,1.906860248447205,2.4726211180124222,1504.8059409937887,1.569798484648868,24.0,2008.0
351,3.5054479186890566,-1.8909127399289274,32.6993879231031,1.9006503105590062,2.46505900621118,1505.2133354037267,1.5702565375950357,24.0,2008.0
355,3.500074246846,-1.89687892991989,32.7245767651331,1.9065694704049843,2.4680623052959505,1500.6224112149532,1.565249873909438,24.0,2008.0
359,3.50116471575265,-1.8964710309338209,32.70434030242972,1.906278125,2.46861875,1495.9097625,1.559633933561147,24.0,2008.0
363,3.500407285435189,-1.8967768141795405,32.74051962267581,1.906568847352025,2.4662429906542056,1500.4835887850468,1.5649820533392105,24.0,2008.0
366,3.507816455272743,-1.9031485600103595,33.38712825139849,1.9130689440993789,2.483854037267081,1505.2351055900622,1.57497949984227,24.0,2008.0
370,3.5025243992110107,-1.9028574663381217,33.270627344923426,1.912525625,2.477915625,1496.0002093750002,1.5652811168780458,24.0,2008.0
374,3.5051558232744235,-1.8963219640753084,33.115074143665915,1.905982445141066,2.4719686520376176,1490.655169278997,1.559755497470126,24.0,2008.0
378,3.4983646475135717,-1.908430732943726,32.90572814040102,1.9177443037974684,2.4804430379746836,1476.8261265822784,1.549897685670499,24.0,2008.0
382,3.500140843862166,-1.889754408573026,32.95311265416167,1.8994006289308176,2.457301886792453,1485.8575188679245,1.5438771531345021,24.0,2008.0
386,3.49909547013937,-1.8959167588975123,33.2282109237263,1.9053905362776025,2.463328075709779,1482.2517665615142,1.5450187488690073,24.0,2008.0
390,3.5010357611640615,-1.889387844169526,33.361342590516294,1.8990839116719243,2.459422712933754,1482.0467570977917,1.5445940154102908,24.0,2008.0
394,3.497212315865497,-1.8889185963670394,33.12431679486816,1.8987645569620253,2.45646835443038,1477.5040221518987,1.5343086721758876,24.0,2008.0
398,3.496089957852058,-1.8885071150010755,32.991553593266204,1.8984425396825397,2.452409523809524,1472.2304507936508,1.5287603942958483,24.0,2008.0
402,3.495877119417778,-1.8888180820733198,33.2318318845246,1.8984419047619046,2.4517460317460316,1472.0868380952381,1.5289260249179843,24.0,2008.0
406,3.493116071455022,-1.8887930414931364,33.509812392094496,1.8984431746031745,2.450768253968254,1472.3190730158728,1.529091650133123,24.0,2008.0
410,3.492655946458748,-1.888168080257056,33.38240285066785,1.8981191082802549,2.450671974522293,1468.147484076433,1.5239059324661248,24.0,2008.0
414,3.492088245317029,-1.887904907597145,33.17829959346276,1.8977936102236423,2.449402555910543,1463.1330575079871,1.5186675419100615,24.0,2008.0
418,3.490216477408045,-1.8877303662432205,33.01591345323486,1.8974666666666666,2.4458397435897434,1458.7075352564102,1.5136482266426952,24.0,2008.0
422,3.4905931958620475,-1.8878077163294114,33.271000362987586,1.8974660256410256,2.4427371794871795,1458.4665512820513,1.5136050185229033,24.0,2008.0
426,3.4911419366203664,-1.887674933393443,33.61966967517867,1.8974660256410256,2.446830128205128,1458.8291474358975,1.5139470614867965,24.0,2008.0
430,3.49283645226053,-1.901022727285377,33.29697162630194,1.9108541401273884,2.4654968152866243,1467.6625987261145,1.5339599193158786,24.0,2008.0
432,3.502515752280822,-1.8951144121477894,33.393130865360554,1.9047904761904761,2.4678031746031746,1472.271019047619,1.5391372798653098,24.0,2008.0
436,3.4929535655988118,-1.8941478117057606,33.138207103628474,1.9041814696485622,2.4597571884984024,1463.249463258786,1.5236247972838737,24.0,2008.0
440,3.4917462636517245,-1.8875042014728927,32.840697788437964,1.8974653846153846,2.4496891025641028,1458.6525224358975,1.5135813035589147,24.0,2008.0
444,3.490432264232956,-1.8871434043422721,32.75739655594484,1.8971369774919613,2.447186495176849,1453.307073954984,1.5077850749847914,24.0,2008.0
448,3.488861416967918,-1.8807630082774924,32.77234087259373,1.8907073954983922,2.4380707395498393,1454.1212604501607,1.5031960676037333,24.0,2008.0
452,3.4891932104785104,-1.886419275237733,32.720417557744895,1.8964705501618124,2.4449093851132684,1444.7104627831716,1.4978220596995881,24.0,2008.0
456,3.487878571337591,-1.8800039366336028,32.71002280307352,1.8899993527508092,2.436258899676375,1444.6623171521037,1.492848534633516,24.0,2008.0
460,3.486430546073901,-1.8733366537372407,32.62076759783716,1.8835300970873787,2.426873786407767,1444.231132686084,1.492414389867026,24.0,2008.0
464,3.4812572775226682,-1.879702248133121,32.57651826255201,1.8896428571428572,2.4304415584415584,1439.5553149350649,1.487482776538081,24.0,2008.0
468,3.4823550791204023,-1.8790751470067306,32.58396494906228,1.8892820846905536,2.430182410423453,1435.4171009771987,1.482535148640411,24.0,2008.0
472,3.4835074286280525,-1.8728728303565048,32.623742674615976,1.882771335504886,2.4234201954397396,1435.3610716612377,1.4827874322228984,24.0,2008.0
476,3.478976541530706,-1.8726786421400121,32.58599202496769,1.8827706840390879,2.4195342019543973,1434.9915504885994,1.476971179775059,24.0,2008.0
480,3.483501191305966,-1.872734820116884,32.86454472378121,1.8831512987012986,2.4220162337662337,1439.9368214285714,1.4819015554137276,24.0,2008.0
482,3.4899701994096612,-1.8800362373714223,33.079651096902374,1.89,2.439391585760518,1444.7526084142394,1.4981366198874824,24.0,2008.0
484,3.484801138956006,-1.8730214281226418,32.932141650182686,1.8831512987012986,2.425987012987013,1439.4842727272728,1.4820775214392872,24.0,2008.0
488,3.47835437960934,-1.872548613607446,32.755748003791545,1.882769381107492,2.420267100977199,1434.9474820846906,1.4771155312812152,24.0,2008.0
492,3.475694933923807,-1.8724613181992062,32.52965474617847,1.882386928104575,2.415506535947712,1430.2198071895425,1.4720772783056488,24.0,2008.0
496,3.481431873453954,-1.8659419458758726,32.848065199040995,1.8758522875816994,2.4113202614379086,1430.6596274509805,1.472248013656454,24.0,2008.0
500,3.4796060336232353,-1.8657860951477014,33.072327061961936,1.875853594771242,2.4112745098039214,1430.6950228758171,1.4670106672274665,24.0,2008.0
504,3.47822589673296,-1.8654605849037513,32.85096451719535,1.8754465573770494,2.410508196721312,1425.914206557377,1.4617672495335379,24.0,2008.0
508,3.474323386836719,-1.865134613881632,32.572302329954546,1.8750368421052632,2.4068947368421054,1421.5815888157895,1.4566952670489708,24.0,2008.0
512,3.4737305453330443,-1.8585159864186669,32.45068444176091,1.8684598684210527,2.396355263157895,1421.1297171052631,1.451354972758956,24.0,2008.0
516,3.474812723214051,-1.8588972649148479,32.7394359440147,1.8684598684210527,2.395592105263158,1421.0231644736843,1.451615926257375,24.0,2008.0
520,3.476096426841386,-1.8581969672334215,32.77589824225292,1.8680257425742575,2.398155115511551,1416.9057326732673,1.4468161332173683,24.0,2008.0
524,3.4686822529487813,-1.8581200056254086,32.5817324044051,1.8680257425742575,2.3927689768976896,1416.9549372937295,1.4467570607768785,24.0,2008.0
528,3.4661964701943586,-1.8577209868352307,32.350211530149934,1.8675887417218542,2.3896920529801324,1411.9015264900663,1.4413797481446793,24.0,2008.0
532,3.468183423895935,-1.8512458354075154,32.28754240914786,1.8609675496688742,2.380748344370861,1412.1604337748345,1.4362456252208178,24.0,2008.0
536,3.4678606629897453,-1.8514531972432,32.603239183227075,1.8609688741721855,2.380629139072848,1412.1636125827815,1.4368154153924828,24.0,2008.0
540,3.4662499547181245,-1.8574211435317927,32.61208344144243,1.8671488372093024,2.3878870431893686,1407.4723189368772,1.4362945145860047,24.0,2008.0
544,3.462469269360201,-1.857823928669184,32.26742656599958,1.8675887417218542,2.3823311258278146,1412.2711490066224,1.4418575315878015,24.0,2008.0
547,3.480518309485383,-1.865825956185037,32.637733704417855,1.875447213114754,2.4111081967213117,1425.7798721311474,1.4672063484781797,24.0,2008.0
551,3.4723137993738336,-1.8647784241320742,32.665258715232376,1.8746237623762376,2.401996699669967,1416.5705247524752,1.4518640367848885,24.0,2008.0
555,3.474362108592906,-1.8578958465335809,32.502652632323915,1.867588079470199,2.394135761589404,1412.0950198675496,1.4471379752748499,24.0,2008.0
559,3.4722823212388754,-1.8511947629213035,32.446842086875606,1.8609682119205297,2.3837615894039734,1412.0039006622517,1.441790586562399,24.0,2008.0
563,3.4701761898320465,-1.8509042611451945,32.39361892904713,1.8605063122923586,2.3803056478405313,1407.4806644518271,1.431630947911111,24.0,2008.0
567,3.4635011119445216,-1.8508582746706244,32.417221778010834,1.8605069767441862,2.375036544850498,1407.8983920265782,1.4318084249673686,24.0,2008.0
571,3.467453100453348,-1.8504182940365097,32.40094040453025,1.8600413333333332,2.3778833333333336,1402.69259,1.4262562585106868,24.0,2008.0
575,3.4675864728547845,-1.8436892876926974,32.36314241861483,1.853376,2.3693,1402.5220166666666,1.4260877528924913,24.0,2008.0
579,3.462182535852444,-1.849873307044976,32.382600705235255,1.8595739130434783,2.371755852842809,1398.2912274247492,1.4212633510031694,24.0,2008.0
583,3.465962999117945,-1.8432877207292044,32.43238180145719,1.852885618729097,2.3662809364548494,1398.6769130434782,1.4163272748795108,24.0,2008.0
587,3.4601727514874407,-1.8494580225090995,32.4886182994049,1.8591020134228187,2.3696006711409394,1393.6352751677853,1.4165781829175994,24.0,2008.0
591,3.464226115253961,-1.8426221358637018,32.524062377970175,1.8523926174496645,2.364956375838926,1393.5037281879195,1.4108401729425177,24.0,2008.0
595,3.458799193390812,-1.8427098003104345,32.482615965621896,1.8523926174496645,2.3605906040268456,1393.605275167785,1.4109949628347804,24.0,2008.0
599,3.4620805499710854,-1.842239518040086,32.46389583182878,1.851895622895623,2.3611683501683505,1388.9813872053871,1.4061714290398801,24.0,2008.0
603,3.4578782949034523,-1.842252843487983,32.55681404542561,1.8518936026936026,2.3578148148148146,1389.3044511784512,1.4063358479692922,24.0,2008.0
607,3.461590937144893,-1.8356063485512328,32.57629643048425,1.8451636363636363,2.3525319865319867,1388.6851851851852,1.4004552399066514,24.0,2008.0
611,3.462906230864041,-1.8561013515700384,32.81804879809979,1.8658107382550337,2.3804194630872484,1393.7897449664429,1.4217865046055154,24.0,2008.0
613,3.4753580425264796,-1.8574370794605966,32.92941193334214,1.866706,2.390903333333333,1403.0709566666667,1.4324552720625434,24.0,2008.0
