id_cycle,Sense_current,Battery_current,Current_ratio,Battery_impedance,Rectified_impedance,Re,Rct,ambient_temperature,time
40,(811.1766573588053-24.673830449581146j),(315.9051636060079-0.3449140687783559j),(2.493579343351275-0.24834383093298842j),(-0.4389262483032638-0.107298295835479j),(0.07006937798290404-0.0004799846907817894j),0.04466870036616091,0.06945627304536996,24.0,2008.0
42,(809.8236757914225-24.104763130346935j),(316.5043517748515-1.139011949300766j),(2.5036518662875618-0.24976334305553805j),(-0.5345201900083068+0.05632237666187587j),(0.06035665867081227-0.00023231690566646155j),0.04668700162486933,0.07627474098530587,24.0,2008.0
44,(810.4959462483724-25.16543318827947j),(316.6170099576314-0.048231273889541626j),(2.489316396333665-0.25499320920038165j),(-0.44283635473246313-0.1049595987702006j),(0.06622478556922413-0.0007051393360864999j),0.04484343057334609,0.0679720560130687,24.0,2008.0
46,(809.4750620524088-24.098861157894135j),(317.22553221384686-1.425300230582555j),(2.4915534709892753-0.2472475300232384j),(-0.5237919003975053+0.00812618630374182j),(0.06126717696192984-2.894255662846844e-05j),0.04619468955099374,0.07453388918437964,24.0,2008.0
48,(810.9232317606608-25.337552309036255j),(315.97795486450195+0.0745792289574941j),(2.495458863225012-0.25488446081995875j),(-0.44166468242907403-0.10259557653945582j),(0.07050955033564447-0.0001257801486944384j),0.04510114851143001,0.06852832896000328,24.0,2008.0
50,(808.6212679545084-23.905257483323414j),(318.1890616416931-1.3367478748162587j),(2.4833433035081884-0.24701128210737403j),(-0.5338763346673802+0.053035950734477484j),(0.06125664337061545-0.0004043456420258215j),0.04599074473076839,0.07342664108773311,24.0,2008.0
52,(810.8764406840006-25.24561768770218j),(316.17067845662433-0.17318816979726157j),(2.497415183285398-0.2584421232699963j),(-0.4446971131122189-0.1036128531452201j),(0.06796097463274457-0.0003574518311015888j),0.04417207557717175,0.06804449516996176,24.0,2008.0
54,(809.217835744222-24.092576384544373j),(317.48161284128827-0.979044775168101j),(2.4915100854984384-0.2510066969130143j),(-0.5309039707743043+0.03602806274847476j),(0.059869767442739356-0.0009779422450807138j),0.0452171085992494,0.07464778408413367,24.0,2008.0
56,(810.9071667989095-25.18315315246582j),(316.4160369237264-0.038099547227223717j),(2.4912215169396084-0.2616421420523179j),(-0.4447264516801405-0.104923288386939j),(0.06791685111499496-0.0006303973970478009j),0.04378662819607591,0.06845021227072765,24.0,2008.0
58,(808.8283907572428-23.802351971467335j),(318.16156816482544-1.114010324080785j),(2.4872364650606023-0.24988073308205436j),(-0.532872136514353+0.045660081815027724j),(0.060798801168978754-0.0008648976992412456j),0.04490994541365791,0.07395687603254197,24.0,2008.0
60,(810.9914932250977-24.889174461364746j),(315.9912010828654-0.4024221996466319j),(2.498734910850562-0.25337558077232014j),(-0.4431398617509911-0.10607212356385619j),(0.0712617479303755-0.0013986384185311633j),0.04463932198878524,0.0683410113732366,24.0,2008.0
62,(809.1454264322916-24.00735229253769j),(317.5003383954366-1.3633185426394145j),(2.4896364624934217-0.2492820843842621j),(-0.5313529259538913+0.0388660765798994j),(0.05985384613774341+8.918079057923624e-05j),0.04717044086931744,0.07208112164479205,24.0,2008.0
64,(811.180362701416-25.336907128492992j),(316.42783975601196+0.07586691776911418j),(2.487533200100709-0.2581093112743637j),(-0.4422270753035897-0.1038279635378158j),(0.06884541871301754-0.0005528809547225673j),0.043558785775475374,0.06868237655872211,24.0,2008.0
66,(808.281483968099-24.858832995096844j),(318.46003913879395-0.6813161869843801j),(2.4774652103884196-0.2594726545525761j),(-0.5310957750298807+0.036351574107317236j),(0.06065749341073129-0.0005863547576107181j),0.04648969708635644,0.07102909339339247,24.0,2008.0
68,(811.0938491821289-24.993683377901714j),(315.9525869687398+0.1480347216129303j),(2.4903815439408628-0.2581721899403153j),(-0.4416886468865809-0.10606993924108864j),(0.06945913611876313-0.0004519406083864051j),0.04526547818261783,0.0681437253042456,24.0,2008.0
70,(808.9486185709635-24.022298276424408j),(317.8022532463074-1.2669633726278942j),(2.488374661601798-0.2517390791815492j),(-0.5290932227644674+0.030633232193839j),(0.06053558733203188-0.00016210826644996713j),0.0463622366817154,0.07193029860543036,24.0,2008.0
72,(810.8303298950195-24.79180920124054j),(316.52613592147827-0.5255938271681467j),(2.487354946040948-0.24936544369844074j),(-0.44235550334503465-0.103682544187284j),(0.06841292635430102-0.0003780860367032441j),0.04448371577743467,0.06782555719716843,24.0,2008.0
74,(808.8175951639811-24.407792190710705j),(318.09311723709106-0.7006420989831289j),(2.4848999768910627-0.25550788188688794j),(-0.5302162152795793+0.039652726739937534j),(0.05949505912314095-0.00040151456756371587j),0.04482791300205649,0.07288826952758304,24.0,2008.0
76,(810.7937609354655-24.53742527961731j),(316.1244297027588-0.5747006138165792j),(2.4885346747162704-0.253768596199165j),(-0.4439675331044126-0.10536530182404635j),(0.06547818047895555-0.0008447355864004386j),0.044414164859100456,0.06885805241213436,24.0,2008.0
78,(807.9450594584147-24.09947407245636j),(318.80124282836914-1.317659040292104j),(2.479376434297543-0.25079340671781214j),(-0.5355163357641006+0.06454037889980797j),(0.059624709281215084-0.00031973178279212156j),0.04466450679894579,0.0727868237536811,24.0,2008.0
80,(810.715924580892-24.932523488998413j),(316.46088377634686-0.31936002771059674j),(2.4952126827994996-0.25576448080708764j),(-0.4458430618652683-0.10176886092464692j),(0.06800548166579581+0.00014706436373718997j),0.04453544590029642,0.06779434699116274,24.0,2008.0
82,(807.4452565511068-24.29490860303243j),(319.2865346272786-0.6972097357114156j),(2.4747660869310555-0.25850916186893746j),(-0.5297646986944688+0.02583656396108523j),(0.05844441022888731-0.00010166915701957859j),0.045021352455558016,0.06940408185539676,24.0,2008.0
86,(829.1235682169596-25.446974277496338j),(322.53138367335004-2.6117694675922394j),(2.5332248143786438-0.23868088589706646j),(0.16811833204846469-0.12331657689101312j),(0.06784448432501687-0.000728617434868196j),0.04610646564263781,0.07041083307756363,24.0,2008.0
88,(830.5975176493326-26.038933753967285j),(321.02385632197064-1.7634378969669342j),(2.5465389582206943-0.24563586885805147j),(0.1671147063447002-0.12721796685237852j),(0.0711673544882422-0.0008518741361563867j),0.04646251600050638,0.06993774302336724,24.0,2008.0
90,(829.0648358662924-25.406577626864117j),(322.50908247629803-2.2641139229138694j),(2.531514957549645-0.24219364582194322j),(0.16627789136861124-0.12430945567162205j),(0.06885221240150682-0.0005123061524860675j),0.04766732499763113,0.06870142026856427,24.0,2008.0
92,(830.6080983479818-25.53426678975423j),(320.82721932729083-1.9788780609766643j),(2.547218702814706-0.24115847561439432j),(0.16775943108492816-0.12756203211540043j),(0.07237581815070392-0.001202809327421383j),0.047723854511199836,0.06950417544214327,24.0,2008.0
94,(828.9198048909506-25.384531617164612j),(322.55579503377277-2.4317802488803864j),(2.5279762658270735-0.23882173655426672j),(0.16762269872767818-0.12376381345495041j),(0.06944889097972788-0.0013223030113926795j),0.047867695187258676,0.06782851501053842,24.0,2008.0
96,(830.3476053873698-25.736209472020466j),(321.001829624176-1.888811508814494j),(2.5494479139015263-0.24107572762796992j),(0.16483234884153447-0.12782080650487473j),(0.07116849518800789-0.0004204360815683016j),0.04694022963323793,0.069661211991841,24.0,2008.0
98,(828.8361371358236-25.54783095916112j),(322.9926258722941-2.199047644933065j),(2.525657820420492-0.23877147551716607j),(0.16725251651534964-0.12551758563208884j),(0.06947673213869775-0.0014468819467707602j),0.04561341908372298,0.0690386303340568,24.0,2008.0
100,(831.732282002767-25.87773819764455j),(319.9562783241272-1.7911187410354614j),(2.560399810912623-0.24221897097477094j),(0.16652461539161043-0.12655675339279526j),(0.07189495412057192-0.0008109766530903493j),0.04702798243208014,0.07112946749607083,24.0,2008.0
102,(829.3547782897949-25.590768655141193j),(322.0963719685872-2.222263733545939j),(2.5390297324228603-0.24027348935288437j),(0.16626507993208073-0.12447011336367704j),(0.07045069060287393-0.0006542241207983965j),0.046728872338830586,0.06971129972921941,24.0,2008.0
104,(831.9798711140951-25.575583974520367j),(319.356379032135-2.0894909302393594j),(2.5635387252714437-0.2441941774895702j),(0.167437290358979-0.12714180912993525j),(0.07211704596344876-0.000985587681689398j),0.04775538026267164,0.07167079612312527,24.0,2008.0
106,(829.2950846354166-25.478660960992176j),(322.2261710166931-2.3684638937314353j),(2.5355821481940217-0.24320513565307555j),(0.16678584507704455-0.12404390642305065j),(0.06935507363296363-0.0011253510856774943j),0.046916225196282,0.06913343554751465,24.0,2008.0
108,(831.1078987121582-25.955058813095093j),(320.50560331344604-1.7035143474737804j),(2.5509522317565927-0.2436311787019809j),(0.1684846515996444-0.12732456398571207j),(0.0713659642729286-0.0011491575752702893j),0.047022939446838434,0.06976696183555635,24.0,2008.0
110,(828.9179801940918-25.642103572686512j),(322.47125848134357-2.2470856507619223j),(2.5316541875718213-0.2477723972994793j),(0.16726031562160623-0.12389589944240526j),(0.06914215422333483-0.0011133113705448913j),0.046604793185003,0.06852215228822905,24.0,2008.0
112,(831.7058296203613-25.706363280614216j),(320.10579538345337-2.2717819809913635j),(2.555857600615423-0.24586678535892062j),(0.16553844036136983-0.125692970412424j),(0.07046325849341473-0.0010980756288576855j),0.046245370477528074,0.0719248993978976,24.0,2008.0
114,(829.4779904683431-25.34033238887787j),(321.8003288904826-2.3328966796398163j),(2.5382227325715276-0.245704284940346j),(0.16714365300234812-0.12408921045201145j),(0.06898977560293752-0.0005662720261797827j),0.04683293993011125,0.06946896899621643,24.0,2008.0
116,(831.8329429626465-25.51954746246338j),(319.6754280726115-2.231933981180191j),(2.5595214538329967-0.24482279809684285j),(0.1682904330721338-0.12692821700465437j),(0.07345631488845779-0.00029772389188931057j),0.04618610336751238,0.07193787056034481,24.0,2008.0
118,(828.8761774698893-25.394014080365498j),(322.8415594100952-2.038497825463613j),(2.528980509070481-0.2402385237013922j),(0.16490383017739912-0.125817224682048j),(0.06944664968998823-0.00035942664180601863j),0.04624136663986422,0.06934916902797013,24.0,2008.0
120,(831.7324536641439-25.588544348875683j),(319.60943301518756-2.272101859251658j),(2.563722666237052-0.24101574269607942j),(0.16756978879559373-0.12693475283232625j),(0.0712755064228637-0.001030252882976604j),0.04773737014313117,0.0703395836124857,24.0,2008.0
122,(830.5975532531738-25.62037467956543j),(320.63128932317096-1.9512261549631755j),(2.5506202719260735-0.24785989248340834j),(0.16644348195277137-0.12512153592498948j),(0.06985111825479498-0.0006924917655042246j),0.04942748343638816,0.0695498357572787,24.0,2008.0
124,(831.771915435791-25.85688046614329j),(319.49896510442096-1.903087188800176j),(2.5622753926392585-0.24338573957892762j),(0.1690600728545478-0.12838281573554977j),(0.07444601839494613-8.659706529838084e-05j),0.04838334154876506,0.06973812701544792,24.0,2008.0
126,(829.7174479166666-25.310048798720043j),(321.53417921066284-2.8404537538687387j),(2.5443996504814885-0.23822047559696366j),(0.16786908919552265-0.12425103360106483j),(0.06782690172606945-0.0008533866757451804j),0.04747841688797768,0.06488297170955903,24.0,2008.0
128,(831.8682276407877-25.515807151794434j),(319.5292857487996-2.1163509090741477j),(2.5619768420983067-0.24383001848988806j),(0.16779122202288257-0.12709984657680784j),(0.0729877740400212-0.0006591816224204085j),0.048037510039299486,0.07012511424776673,24.0,2008.0
130,(829.4618657430013-25.712174773216248j),(322.06058104832965-1.9719031850496929j),(2.535617941689171-0.24583415950819185j),(0.16632090773629918-0.12548776742004342j),(0.0691952657217458-0.0010138164585718626j),0.04770362110518304,0.06859813037774799,24.0,2008.0
132,(831.6674461364746-25.596488813559215j),(320.00029548009235-2.0245130757490792j),(2.5533457479508104-0.24224760795185504j),(0.16712612449307981-0.12851611390303536j),(0.07233679410988932-0.0003931546691838171j),0.048086960073381944,0.0697134641311117,24.0,2008.0
136,(829.22283299764-26.07563962539037j),(322.25880734125775-1.6542805631955464j),(2.535469481490878-0.24514633299658528j),(0.16527484799180853-0.12504646587876292j),(0.06805069659487475-0.0011820057224896155j),0.04815104655957722,0.06772207819825936,24.0,2008.0
138,(832.9384752909342-25.580327212810516j),(318.3277910550435-2.29110649228096j),(2.572130198316692-0.24382332296603806j),(0.1678736349598575-0.12489713552575032j),(0.0724640428419959-0.0009795513841494353j),0.04754728174038817,0.07318009891168203,24.0,2008.0
140,(829.9710032145182-25.581486642360687j),(321.4314721425374-1.594284216562907j),(2.543644899266409-0.24483540410205762j),(0.16601180690695846-0.1262646763471334j),(0.06829843738744043-0.00012289218241310365j),0.04759013382319219,0.06914272874669278,24.0,2008.0
142,(832.3754488627116-25.629399180412292j),(318.85753838221234-2.1243985493977866j),(2.571160880551315-0.24467758764787306j),(0.16752775370177778-0.1266890951717402j),(0.07425256215527451-0.00047596657328892146j),0.0476409209894885,0.07165247326552959,24.0,2008.0
144,(829.7444979349772-25.643400231997173j),(321.603723526001-2.0278612275918326j),(2.5408469619770733-0.24985674163115498j),(0.16423129013495197-0.12354044266399018j),(0.07035387832544444-0.0006956823364628939j),0.04764024061757782,0.06898277923910441,24.0,2008.0
146,(832.8408139546713-25.67539890607198j),(318.39243666330975-1.8731704652309418j),(2.5777122588362285-0.23976693047286543j),(0.1679091671091576-0.1270072592017769j),(0.07441160610797556-0.0009212012233234332j),0.048424369531773113,0.07249983749010006,24.0,2008.0
150,(829.7229715983073-25.503170132637024j),(321.05957142512005-2.158020625511805j),(2.548918367429409-0.2481555612337734j),(0.16533542302583965-0.12300216271085022j),(0.06763133970930087-0.0006307038134498981j),0.04893386185534073,0.06795990180113623,24.0,2008.0
152,(832.1556701660156-26.096732258796692j),(318.5870526631673-1.7879438698291779j),(2.5734878847537606-0.24929203085977283j),(0.16760131840825065-0.12759005689112382j),(0.07167170495668719-0.0003113459647910625j),0.04943074564871872,0.0701407541984291,24.0,2008.0
154,(830.1709009806315-25.903627574443817j),(320.75320768356323-1.8484389980634053j),(2.5520816717640784-0.25001737711516026j),(0.16726587404179852-0.12455756651174825j),(0.06956872432030978-0.000757543464040068j),0.049323007176718225,0.06895642914528509,24.0,2008.0
156,(832.3827145894369-25.91543976465861j),(318.5381135940552-1.5638072788715363j),(2.5722145917340233-0.24733227453859843j),(0.16810702488687554-0.12753945424456592j),(0.07250451993694934-0.00047728115600941396j),0.04974822543014387,0.07112993844977841,24.0,2008.0
158,(830.1284230550131-25.906315048535664j),(320.80157979329425-1.9379257361094158j),(2.54771806913623-0.24911364331444133j),(0.16796815804779977-0.12401133727629747j),(0.0710512725048247-0.0004717944846986944j),0.04912202877042455,0.06890956847456893,24.0,2008.0
160,(833.0421727498373-25.654911915461224j),(317.930215994517-2.08412038286527j),(2.5840635459612606-0.24326636517751266j),(0.1684406846355563-0.12700692575682343j),(0.07499519230501195-0.0012831964386386108j),0.04988486594475391,0.07198302765125617,24.0,2008.0
162,(830.1399154663086-25.686275839805603j),(320.96491320927936-1.7771519720554352j),(2.546911498470088-0.24713496471066487j),(0.16574302663556018-0.1264024619028796j),(0.06900253283016225-0.00029331487505258267j),0.047859449246718755,0.06977255608528674,24.0,2008.0
164,(832.7874425252279-25.92026885350545j),(318.3484223683675-1.6927602291107178j),(2.578548951681694-0.24818041331661578j),(0.16564307956625707-0.12859860925960373j),(0.07134331752883286-0.000301775063594379j),0.04921638093217895,0.07146374397937286,24.0,2008.0
166,(829.8635609944662-25.845604022343952j),(321.3142097791036-1.8485226531823475j),(2.547485878910475-0.24614840706996496j),(0.16434069533147347-0.1252456520661587j),(0.06796593124658293-0.0001529607192611436j),0.04887229013423192,0.06876809153866811,24.0,2008.0
168,(832.7916170756022-25.63045148054759j),(318.2508447964986-2.0898795127868652j),(2.577724380620557-0.2417586118421985j),(0.16842350408413587-0.12707612342095664j),(0.07207253700449659-0.0013943346796250488j),0.04994593893656341,0.07088704261645878,24.0,2008.0
170,(829.1429786682129-25.647430459658306j),(321.8425518671672-2.243799020846685j),(2.539168068800357-0.24497047335441233j),(0.1657712026562273-0.12433569713523689j),(0.06750607420334195+0.00011819134227647888j),0.048296439195350184,0.0673151471016695,24.0,2008.0
172,(832.7490526835123-25.782665530840557j),(317.8442265192668-2.1215670903523765j),(2.5809264809268075-0.2441821089557776j),(0.1681556334980904-0.12703592280814455j),(0.07042683189031593-0.0006974141821742425j),0.048969605147940264,0.07178168505217358,24.0,2008.0
174,(829.855297088623-25.52811203400294j),(321.30018949508667-2.381820410490036j),(2.545046626340297-0.24285548646252883j),(0.16661810164687288-0.12395499016934168j),(0.06912966795774754-0.0013422743060616707j),0.04814709226602492,0.0684158918231915,24.0,2008.0
176,(833.1927210489908-25.940326650937397j),(317.5995313326518-1.6903660992781322j),(2.5836714628724953-0.251527056397118j),(0.16629661380000418-0.12765840623926386j),(0.0738596023350596-0.0006909910028165177j),0.05022937602514057,0.0718319241428618,24.0,2008.0
178,(830.2621154785156-25.68182458480199j),(320.91788387298584-2.150631288687388j),(2.5476644955555003-0.2469286861302293j),(0.16763497450016038-0.12490090024333396j),(0.06995047664085784-0.000742858937555527j),0.04845430020206581,0.06777935051052719,24.0,2008.0
180,(832.2930857340494-25.86149076620738j),(318.64393758773804-1.9334810972213745j),(2.5728857933381675-0.24177274739400986j),(0.16898036197276733-0.1276418934646318j),(0.07484453512582681-0.00042177651193639427j),0.04971526662508074,0.07139027154395669,24.0,2008.0
182,(829.1244138081869-25.47906744480133j),(321.9716634750366-2.3400811751683555j),(2.539030198223957-0.24138485431345838j),(0.16691201352929919-0.12541986915311815j),(0.069632300617652-0.0014826749401169754j),0.048680252933283895,0.06583444846364324,24.0,2008.0
184,(832.5926246643066-25.734924753506977j),(318.2429404258728-1.7001042862733204j),(2.574059793497118-0.24350697377049965j),(0.1682818139204378-0.12762387391953198j),(0.07308681919534803-0.0009198402779032356j),0.04913216601843565,0.0724518691988788,24.0,2008.0
186,(830.1092694600424-25.432327310244244j),(320.5961176554362-2.306602497895559j),(2.552150456828819-0.2429051932164389j),(0.16741888174324152-0.12423061443639505j),(0.06918111775815151-0.0013915387475615121j),0.049918728983506716,0.06876463309502395,24.0,2008.0
188,(833.0737635294596-25.86693290869395j),(317.9306263923645-2.1010837654272714j),(2.580040695479913-0.24398277100520996j),(0.16675095103326973-0.12760447784812248j),(0.07404313027391637-0.0010805497935041737j),0.04920968322529825,0.07304025099509703,24.0,2008.0
190,(830.4517491658529-25.7771000067393j),(320.3005065917969-1.9968101183573406j),(2.5562022544640297-0.24826586781668514j),(0.16555904810301225-0.12395786448887221j),(0.06900211939588294-0.0001214471737362572j),0.04943664953959983,0.06892300885560772,24.0,2008.0
192,(833.2286694844564-25.791770219802856j),(317.60536400477093-1.84304545323054j),(2.5838385795881793-0.2470545992785906j),(0.1683679634642042-0.12660279774177255j),(0.07337320172461959-0.0011338927925765368j),0.049506316165593846,0.07251082944035009,24.0,2008.0
194,(830.2080637613932-25.571032722791035j),(320.46338176727295-2.262428750594457j),(2.553532054459501-0.2483806256841645j),(0.1656318663015393-0.12489425433612293j),(0.06874367333068189-0.00042156134644320093j),0.0494033398878437,0.06864846238725138,24.0,2008.0
196,(833.0569114685059-25.912872473398846j),(317.8694265683492-1.7646018366018932j),(2.5788254634788284-0.2459814490988587j),(0.16918978996957432-0.1282174073623969j),(0.07526587841637772-0.0008327158003330774j),0.04865176277959679,0.07201762091170956,24.0,2008.0
198,(830.696055094401-25.68327784538269j),(320.68392276763916-2.2025018632411957j),(2.556378969077633-0.24482392284309937j),(0.1645996885517083-0.1253595237871447j),(0.06997611503347043-0.000988734188148448j),0.04915501980244644,0.06913086863703587,24.0,2008.0
200,(833.3860994974772-25.69010845820109j),(317.6492323875427-1.7105377117792766j),(2.581720692020827-0.24422461484986321j),(0.16694661448317138-0.12831829647670048j),(0.07429834989581535-0.0006123969845585619j),0.049165755683712876,0.07316993618002728,24.0,2008.0
202,(830.2348988850912-25.659874975681305j),(320.96132946014404-1.8385343849658966j),(2.548994220513174-0.24531782734603017j),(0.1666675411979506-0.12524528134545976j),(0.06903211720623062-0.0008627396336972512j),0.04870161283727028,0.06859455507457586,24.0,2008.0
204,(833.4587961832682-25.936967809995014j),(317.4467477798462-1.948593278725942j),(2.5901093034342413-0.24611704217427832j),(0.1678938471766326-0.12767135803912058j),(0.07357017925514146-0.0006324889005028586j),0.04923427342088277,0.07277120733743579,24.0,2008.0
206,(830.7298736572266-25.63381604353587j),(320.3769564628601-2.1476328472296395j),(2.5582732362537906-0.24465276620600693j),(0.16785304157309736-0.12559847153379008j),(0.06799917722439107-0.00023975839527352403j),0.0488567734576694,0.06871570767989431,24.0,2008.0
208,(834.2502504984537-25.782043039798737j),(316.90119155248004-1.9683431088924408j),(2.591469706983696-0.24526784520169587j),(0.16756075544878138-0.12785135498708328j),(0.0738919255893733-0.0022715608421711407j),0.0505475864921389,0.07270866794574943,24.0,2008.0
210,(830.9048055013021-26.250163316726685j),(320.0933680534363-1.3543581267197926j),(2.5588515838387775-0.25481409797378946j),(0.1665165816225599-0.125607380000332j),(0.06853728894731782-0.0014143309599578347j),0.0506497585783765,0.06853536104799454,24.0,2008.0
212,(833.9674873352051-25.68097945054372j),(316.9971990585327-1.9092723031838734j),(2.5893271903552635-0.24208819024656572j),(0.16809696165720997-0.1273388432452144j),(0.0731434966384768-0.0003471553574999073j),0.050118814742107526,0.07301041089661342,24.0,2008.0
216,(831.1108907063802-25.40852169195811j),(320.30835167566937-2.1096361180146537j),(2.560150895365119-0.24633148304840422j),(0.16548890465882934-0.12504719627792266j),(0.06851270484609889-0.0008687609267526703j),0.04913242687695094,0.0693303248319639,24.0,2008.0
218,(834.0978304545084-25.55803636709849j),(316.9879900614421-1.872621238231659j),(2.5901365590962686-0.24708247001021832j),(0.1683137430820194-0.12717843898473155j),(0.0742192730109816-0.0009123125686567222j),0.049792567319026114,0.07343650361620202,24.0,2008.0
220,(830.5811004638672-25.461020946502686j),(320.6123827298482-2.3005631367365518j),(2.5533446160277546-0.24107536751680395j),(0.16537293393885422-0.1257061065425141j),(0.06887464843742787-0.0015984002743707369j),0.049633135916243465,0.06881429671018138,24.0,2008.0
222,(834.1612536112467-25.62514527638753j),(317.1585529645284-1.7160553932189941j),(2.586758463033226-0.2491607447203987j),(0.16742792772440548-0.12670045560586957j),(0.07383032006917888-0.0009717860810957594j),0.0498653780666,0.0732133898164959,24.0,2008.0
224,(830.7823588053385-25.622284332911175j),(320.5346023241679-1.8097943564256032j),(2.5545456152364543-0.2523330830664849j),(0.1674764294016877-0.12472906312721947j),(0.07042967569726441-0.00019575403365867583j),0.048921290356402275,0.06883931362761586,24.0,2008.0
226,(834.2816696166992-25.564226190249126j),(317.06423203150433-2.184652864933014j),(2.5901507467743254-0.2382720639513377j),(0.16869213612446018-0.12713410020773513j),(0.07643066824180011-0.0015393110434882811j),0.049811932785538866,0.07459618605206403,24.0,2008.0
228,(831.0113639831543-26.10934555530548j),(320.3765082359314-1.9916507701079051j),(2.5545517801863835-0.25141551776482757j),(0.16612342842004468-0.12574347106579087j),(0.0703643958114119-0.0009496900773540984j),0.04975125749803475,0.06863892419996058,24.0,2008.0
230,(834.2439231872559-25.431629816691082j),(317.0686710675557-2.0974858502546945j),(2.593388453799496-0.2409822389917092j),(0.168087557953572-0.12721379263297164j),(0.07532382686802407-0.0010452806248444316j),0.04850673488997184,0.07458309776342148,24.0,2008.0
232,(831.2703793843588-25.801482637723286j),(320.10335572560626-1.660224437713623j),(2.5575390098225985-0.24861685654140084j),(0.1674384525948148-0.12598123011842263j),(0.06969219543918001-0.00029061611782021306j),0.049159181962981614,0.06906734479973246,24.0,2008.0
234,(834.451535542806-25.36554964383443j),(316.78403520584106-2.127114693323771j),(2.5947961233559025-0.24321644525121208j),(0.16813651190261902-0.12676923053390643j),(0.07353630453866333-0.0005313258383271905j),0.050023074203339506,0.0736638387977965,24.0,2008.0
236,(831.31329981486-25.96231536070506j),(320.23038641611737-1.6670767267545064j),(2.5584336820936078-0.24623843142821178j),(0.16737591822610043-0.12561740409150712j),(0.06841783660206872-0.0005150058942793395j),0.04970808709656558,0.06830006146095657,24.0,2008.0
238,(834.7004534403483-25.773715019226074j),(316.6105655034383-1.690598577260971j),(2.59338390317157-0.2423557176908895j),(0.16882120809746204-0.12973217222492667j),(0.0746556414896238+0.00010713391650645698j),0.05020469043786587,0.07371885821597624,24.0,2008.0
240,(831.430103302002-25.990116854508717j),(320.0822699864705-1.6954435308774312j),(2.5577928905146274-0.24926270168111864j),(0.16817172130991384-0.1257900681946289j),(0.07053239214490672-0.00011742474447775216j),0.04895066080383533,0.06963267386152323,24.0,2008.0
242,(834.8618914286295-25.567972779273987j),(316.29009532928467-2.219349672396978j),(2.6014678675809395-0.24200472637226175j),(0.1678998161912305-0.12722700947568963j),(0.07567048109108016-0.0005229263926813806j),0.04975857340773159,0.07465617760875586,24.0,2008.0
244,(831.1795908610026-25.526014407475788j),(319.9500557581584-2.4610382119814553j),(2.563463809534327-0.24540453522979j),(0.1666248746227563-0.1253132786843515j),(0.06927261860952866+0.00011524786757659783j),0.049808396255372756,0.06902298762939403,24.0,2008.0
246,(834.8164901733398-25.504191716512043j),(316.4580326080322-1.9472389022509258j),(2.5985689632818456-0.24675847399829062j),(0.16795295547715805-0.1260578752967006j),(0.07134715916504293-0.00011051964077348309j),0.04968675503783295,0.07355425821939737,24.0,2008.0
248,(831.4194984436035-25.850924889246624j),(320.02821858723956-2.151706258455912j),(2.564099743255289-0.24785495308983463j),(0.16576016550094555-0.1265719004966023j),(0.06899063757209671-0.001279761489103582j),0.05059411389974348,0.06858328460478416,24.0,2008.0
250,(835.0508079528809-25.451314290364582j),(316.0411961873372-2.3597435355186462j),(2.5990194661411246-0.2371397913008243j),(0.17025082665318333-0.12603335752924708j),(0.07508560653822574-0.00020588392741238608j),0.04995005707049774,0.0746229428074614,24.0,2008.0
252,(831.8648910522461-25.560084025065105j),(319.4053659439087-2.1586370368798575j),(2.5681802796408317-0.24725454283299145j),(0.16785465803887709-0.12475250625447336j),(0.07048139714978928-0.0018331575721016338j),0.04984421041201089,0.07014070107890119,24.0,2008.0
254,(834.9892539978027-25.63443950812022j),(316.3405566215515-1.9607707858085632j),(2.603747439221356-0.24331387872046875j),(0.16777921920646333-0.12673308549130521j),(0.07459955121554702-0.0006850554755749844j),0.050282564251258356,0.07360391142336822,24.0,2008.0
256,(831.9024925231934-25.413904945055645j),(319.4961932500203-2.0355511705080667j),(2.568251433833561-0.24902573478792714j),(0.16720372948161585-0.12545870612302046j),(0.06892824417840061+0.0005034706698643414j),0.05006270229203594,0.06979118038789997,24.0,2008.0
258,(834.9075482686361-25.751813292503357j),(316.1266638437907-1.9538588325182598j),(2.5996169446665793-0.24694258646240344j),(0.16824479087535205-0.1276898159955654j),(0.07556893235589938-0.0005725011917644149j),0.049920077819046636,0.074642062777058,24.0,2008.0
260,(831.774481455485-25.793954769770306j),(319.65424903233844-1.909957339366277j),(2.5598366372050516-0.24528802446595543j),(0.16970830942990936-0.12476769868344896j),(0.07121491308221316-0.0012473092297701693j),0.04921445916482306,0.06990836301107425,24.0,2008.0
262,(835.6160430908203-25.330562512079876j),(315.7238960266113-2.406555990378062j),(2.6095312950301834-0.23908215797502053j),(0.16808721925887105-0.12732869764494323j),(0.07461618209357643-0.001435574950395926j),0.05007996435013632,0.07547710929281527,24.0,2008.0
266,(836.4569358825684-25.714622457822163j),(314.5929231643677-1.7980133195718129j),(2.6190619218651534-0.2484697773848807j),(0.17049408018126136-0.12741683744936438j),(0.07443167022672803-0.00038489121143076374j),0.054692185026359336,0.07464599360022733,24.0,2008.0
268,(839.7293014526367-25.3755784034729j),(311.17918634414673-1.9752492010593414j),(2.6615711888933573-0.24036449302883503j),(0.16846545954708025-0.1290563191165114j),(0.0812440296031164-0.0005991892477376006j),0.05487320211540928,0.07934403644117197,24.0,2008.0
270,(836.3786977132162-25.884461681048077j),(314.8458456993103-1.7636647522449493j),(2.6223605859778503-0.24642782601490318j),(0.16908046105433708-0.12729490280743685j),(0.07781948239626792-0.001265141697825276j),0.0541567528107865,0.07505843667743599,24.0,2008.0
272,(840.202704111735-25.60204827785492j),(310.66800689697266-1.9950688978036244j),(2.66817694325254-0.24303448624258187j),(0.167082251414946-0.1288249468404577j),(0.08177308108154638-0.0011742405111987754j),0.055240499862766274,0.08002359358228964,24.0,2008.0
274,(837.3151766459147-25.54044981797536j),(313.96984418233234-2.1722318828105927j),(2.6331919560321246-0.2465266882663014j),(0.16744196291907953-0.12787348110377658j),(0.07590065085922167-0.0006775624599517661j),0.054542809780562286,0.07592379199991395,24.0,2008.0
276,(840.4980532328287-25.513689001401264j),(310.4348096847534-2.269250969092051j),(2.670184156375626-0.24456368744013032j),(0.16783541945549393-0.1275209192262405j),(0.08240860839457836-0.0012535482982408254j),0.055080368328742545,0.08045008161921993,24.0,2008.0
278,(836.741569519043-25.786836624145508j),(314.15697081883746-2.0607580045859017j),(2.6287281833589247-0.24969680011191486j),(0.1689263803564048-0.12714021067746684j),(0.07594184614550892-0.00038509318457366335j),0.053398671864258646,0.07562889610038578,24.0,2008.0
280,(840.6930135091146-25.7519873380661j),(309.9225165049235-2.110465278228124j),(2.6752104004397714-0.2447064694762345j),(0.1672886140495454-0.12855513765361656j),(0.08221305530227378-0.0006628834699777981j),0.05484578494342527,0.08099527914390654,24.0,2008.0
282,(836.6904754638672-25.62092876434326j),(314.0196698506673-2.0022159616152444j),(2.6311253114084345-0.24980594118074306j),(0.16840021984716588-0.1273256068289449j),(0.07598696662897939-0.0006446796907852865j),0.055453259476974714,0.0748392292244765,24.0,2008.0
284,(841.7104619344076-25.29641882578532j),(308.8934597969055-2.3197944859663644j),(2.68556860237741-0.24371033910720105j),(0.16527969561560757-0.12745594741014254j),(0.08026206614083109-0.001139336793828958j),0.05808949268604193,0.07900611376190819,24.0,2008.0
286,(838.060230255127-25.812551776568096j),(312.9210750261943-1.9605178634325664j),(2.6412328926874196-0.24928602600780417j),(0.1691281899382334-0.1272310099129294j),(0.07523510998600628+7.507455255952825e-05j),0.05703849864055661,0.07445419405660497,24.0,2008.0
288,(841.4419581095377-25.50231099128723j),(309.27220789591473-2.1817910969257355j),(2.6844497420185185-0.24005721938617045j),(0.16450740793379884-0.12790233806464535j),(0.08054584555265665-0.0015468596394506995j),0.05639999430512618,0.08181491967012575,24.0,2008.0
290,(838.7785441080729-25.900981664657593j),(312.4075245857239-1.7254631022612255j),(2.6467988326166343-0.24733832911570772j),(0.1681630559684374-0.12731354025656555j),(0.07463345947254531-0.0009864022066541098j),0.0569517725026998,0.07706935596260868,24.0,2008.0
292,(841.7981974283854-25.699379285176594j),(308.9921770095825-2.2752153178056083j),(2.6881879127351893-0.24426123803702093j),(0.16745061067318226-0.127498267372205j),(0.08263380761719555-0.00038079127569065515j),0.057159147914507935,0.08086696623694065,24.0,2008.0
294,(838.4174982706705-25.79638449350993j),(313.05723333358765-1.6449971795082092j),(2.6439498919602014-0.24701317920391555j),(0.16991663866511575-0.1273373554046555j),(0.07621727707879478-0.0008513788831592031j),0.05595864562729926,0.07609569637070202,24.0,2008.0
296,(842.0906766255697-25.55978051821391j),(308.7091851234436-2.197374622027079j),(2.688494313902717-0.24524721608666633j),(0.16646469757189544-0.1268626804723263j),(0.08363483560828089-0.0012274028094865384j),0.056998793862942924,0.08250100764416027,24.0,2008.0
298,(838.5865122477213-25.767781019210815j),(312.2487940788269-1.9697354038556416j),(2.6522337972467818-0.2522735975016983j),(0.1678213249715673-0.12821521854067053j),(0.08000657001641949-0.0016163240849379444j),0.05699010907560385,0.07648289029638874,24.0,2008.0
300,(842.2438265482584-25.93084792296092j),(308.79183562596637-1.6881385346253712j),(2.689174100559837-0.24810799627780247j),(0.1674929069944583-0.12826382769979833j),(0.08431295193934064-0.0012083283000739735j),0.05791594677751306,0.08175057083151278,24.0,2008.0
302,(839.2448883056641-25.508625547091167j),(311.4861551920573-1.9891476432482402j),(2.659830510606342-0.24865821438973343j),(0.16885469263487143-0.12742554156265315j),(0.0766141618742049-0.0006192531880498005j),0.05700076918063977,0.07741124519885696,24.0,2008.0
304,(842.4741859436035-25.72356681029002j),(308.5363826751709-1.9983322620391846j),(2.693560906763081-0.24093060263419094j),(0.16589985487223133-0.12798435833100316j),(0.08454846829821065-0.0014770294722256099j),0.0585831887959693,0.08269416457353587,24.0,2008.0
306,(839.1193720499674-25.486575603485107j),(311.6169336636861-2.201630542675654j),(2.6552447415470493-0.24769969037058703j),(0.16895195567164634-0.12684699113117429j),(0.07726627383496486-0.0014297954618564996j),0.05728256542976495,0.07692027721215688,24.0,2008.0
308,(842.2617047627767-25.61913255850474j),(308.89420048395795-1.9322732090950012j),(2.686424609610381-0.24142316895774693j),(0.16921303852464029-0.12946406707914077j),(0.08408430635232385-0.001428600659781003j),0.05684411239635825,0.082272625759776,24.0,2008.0
310,(839.5046539306641-25.99298612276713j),(311.70221789677936-1.7956439057985942j),(2.653751840135062-0.24856095611204684j),(0.16984077905294337-0.12736371372778035j),(0.0793788872467309-0.0011229575328510558j),0.05895292031966879,0.07735170203997428,24.0,2008.0
311,(842.6781094868978-25.78095789750417j),(308.2576279640198-2.1081598897775016j),(2.697061644991056-0.2438761223844018j),(0.16428285254844507-0.1287495562520084j),(0.08366679390010158-0.00021436195443459415j),0.05667203462955093,0.08291573296417665,24.0,2008.0
313,(838.4731114705404-26.143588225046795j),(312.3572564125061-1.6473388771216075j),(2.651060253689324-0.25389256645167463j),(0.17001585283185328-0.1272449377774072j),(0.07645695261801706+0.0001646802402256582j),0.05822336151052491,0.07615092115486195,24.0,2008.0
316,(838.4983762105306-25.94781204064687j),(312.4106642405192-1.6049535274505615j),(2.6515356203242315-0.25167891202068177j),(0.1693439385499836-0.1270949328009395j),(0.07806655308173682-0.0009585668927570277j),0.057798377106990255,0.07518971733166918,24.0,2008.0
318,(841.816764831543-25.89442725976308j),(309.1485884984334-1.6492540935675304j),(2.682833119132848-0.25046612814010616j),(0.16795155936644016-0.12721137258330523j),(0.08408267383494823-0.0010857325302010329j),0.05869361561103209,0.08099673983388944,24.0,2008.0
320,(838.2270075480143-25.923252542813618j),(312.423583984375-1.7527037759621937j),(2.645359055223268-0.24917166897329043j),(0.17086727084293507-0.12745675267361817j),(0.08026055470028791-0.0015594594975528878j),0.05810053590892641,0.07604639902387582,24.0,2008.0
322,(841.5920918782552-25.881532629330952j),(309.5186193784078-1.8873830338319142j),(2.6833719326103953-0.24531422296447267j),(0.16655476097358665-0.1292461372136857j),(0.08383012731749512-0.0010166023603816207j),0.05687355099054794,0.08079234772463807,24.0,2008.0
324,(838.8013725280762-25.483998735745747j),(312.024041334788-1.9843973815441132j),(2.6520018209586733-0.24506975672757023j),(0.16972288477048045-0.1278809296943392j),(0.07764460910134646-0.0005361657684425244j),0.057819391216989646,0.07620792252066097,24.0,2008.0
326,(841.9903399149576-25.39996536572774j),(309.03462711970013-1.9644453128178914j),(2.688619671857356-0.23934872519725173j),(0.1656958834597143-0.12846440563986858j),(0.08226533761230344-0.0005895697164873716j),0.058401226760293384,0.0816166339541188,24.0,2008.0
328,(838.8277473449707-25.28208855787913j),(312.06055243810016-2.2495119174321494j),(2.6580643770576082-0.246295600099076j),(0.16841999365090665-0.12727674138010509j),(0.07654891475745568-0.001074038398853162j),0.05729597585562559,0.07603115808018222,24.0,2008.0
330,(842.1663462320963-25.57016944885254j),(308.6824339230855-1.8534786800543468j),(2.6892661122837-0.247376725491389j),(0.16789539213610025-0.1265544282498706j),(0.08346643757456233-0.0012537951899931133j),0.0571392616497832,0.08203042743610463,24.0,2008.0
332,(839.1295407613119-25.726604143778484j),(311.4407386779785-1.9602348506450653j),(2.659552022752109-0.2519387700041957j),(0.16969298331416202-0.1242114021786634j),(0.07885862754397595-0.0009440611643280302j),0.05701191566130335,0.07793753101024108,24.0,2008.0
334,(842.4217109680176-25.389159719149273j),(308.36295620600384-2.2788183093070984j),(2.6943123844095567-0.23823621870349024j),(0.16539815131942198-0.12861931141381264j),(0.08410294693310705-0.0011518979392089834j),0.056846750542400994,0.08430934905296765,24.0,2008.0
336,(838.8556760152181-25.866918961207073j),(311.79637877146405-1.8775260249773662j),(2.654491176778652-0.24852043133722512j),(0.16929977976090224-0.12764982703370747j),(0.07694400036121338-0.00048155251668727337j),0.05739160457574554,0.07732083011265528,24.0,2008.0
338,(842.7210578918457-25.74200987815857j),(308.1476143201192-1.8800636728604634j),(2.7005004491456517-0.24485760461443604j),(0.1668427144060437-0.12863994166949233j),(0.08437158647145145-0.0016472579309184064j),0.05971458306876328,0.08128077873787101,24.0,2008.0
340,(839.4227053324381-25.738814036051433j),(311.5974276860555-1.6316204766432445j),(2.656525226036347-0.2518488370232916j),(0.16909713914283975-0.12571597405253904j),(0.07799574230542847-0.0003377872135776237j),0.05669401159445664,0.07756322518442982,24.0,2008.0
342,(842.8072598775228-25.55139923095703j),(307.8463565508525-1.9685096144676208j),(2.696950566928443-0.24007641039282687j),(0.16575303062970195-0.12826232594962486j),(0.08323246879278556-0.0011282872047789513j),0.057876489486257204,0.0827621596207595,24.0,2008.0
344,(839.7242711385092-25.779006719589233j),(311.2308306694031-1.7005139291286469j),(2.664739568624276-0.24743221227859605j),(0.16723743628967846-0.12843857241373663j),(0.07839464341259536-0.0011759849703230254j),0.05711363659055293,0.07889973426640497,24.0,2008.0
346,(842.7127405802408-25.220383326212566j),(307.9802352587382-2.285880903402964j),(2.697285463496207-0.24420343848672774j),(0.16778476203341083-0.12723143230349504j),(0.08505781336644623-0.0005753938243204743j),0.05710605259257088,0.08389339159553517,24.0,2008.0
348,(840.2416203816732-25.965973337491352j),(310.73963101704913-1.7960918148358662j),(2.670017830533132-0.25306532753141087j),(0.16805578268416957-0.12921322209342787j),(0.08022423187042602-0.0006295879623724505j),0.058410674041032944,0.07787942798165798,24.0,2008.0
350,(842.8446604410807-25.363333066304524j),(308.01969289779663-2.1569068928559623j),(2.69455335878054-0.24292218645923888j),(0.1669867394829482-0.12781311894084624j),(0.08174226671693913+0.00015236570750913554j),0.058324401152227735,0.0823356083860003,24.0,2008.0
352,(839.4306513468424-25.818175117174786j),(311.51213026046753-1.7094451089700062j),(2.6577722983871643-0.2485540988329924j),(0.16905345973317834-0.12797651013085537j),(0.07630455347718167-0.0011841355162608349j),0.05720658953847104,0.07814181670188959,24.0,2008.0
354,(842.9002749125162-25.46967073281606j),(308.10680866241455-1.8217169145743053j),(2.6942692652966898-0.24677213527202277j),(0.1648321615567625-0.12813892926063547j),(0.08210753445179352-0.0014813898816582992j),0.05853988727737317,0.08259957408588693,24.0,2008.0
356,(839.6870867411295-25.52494243780772j),(311.1478314399719-2.337467630704244j),(2.663317929527041-0.24740454959391597j),(0.1696487649400055-0.12705803288293474j),(0.07959117096050024-7.290233938395102e-05j),0.0568695950036647,0.07851971117292988,24.0,2008.0
358,(843.448055267334-25.56406859556834j),(307.32960001627606-2.029720922311147j),(2.709082671643021-0.24521066170430575j),(0.16485385045530723-0.12829335589172186j),(0.08409851349810805-0.0010237434947631674j),0.057610002271573896,0.08361769407052744,24.0,2008.0
360,(840.1968981424967-25.81877362728119j),(311.0582302411397-1.8396414717038472j),(2.665066558348687-0.24500364745068692j),(0.16805866404678674-0.12719533584806078j),(0.07735377222975978-0.0009783407004988847j),0.05758927754908643,0.07858483851402417,24.0,2008.0
362,(843.49462890625-25.535508672396343j),(307.43404992421466-2.0107248822848j),(2.7072430458256806-0.2437254747495209j),(0.16421940350045888-0.12840512278420335j),(0.08219012314254158-0.0009581796210677978j),0.056877440837862205,0.08453629957179691,24.0,2008.0
364,(839.9282976786295-26.08185911178589j),(310.7277186711629-1.729944109916687j),(2.6708499020457808-0.2504787804766953j),(0.1679378514690769-0.12789627842978193j),(0.08087031176953524-0.0014339295867670729j),0.0584122579571841,0.07816622903600336,24.0,2008.0
367,(840.3360862731934-25.547636826833088j),(310.3812583287557-2.0691572527090707j),(2.6701063467753037-0.2479145592685236j),(0.17029138502594773-0.12684137729943687j),(0.0796694697567915-0.002109691474822439j),0.058982855797460765,0.07840869791471827,24.0,2008.0
369,(843.3001467386881-25.209691007932026j),(307.3335151672363-2.429767290751139j),(2.7073872477018566-0.23709309028975342j),(0.16543924574381114-0.12772414790450853j),(0.08407270042234287-0.0011696502480443866j),0.06019789084807145,0.08377346645248045,24.0,2008.0
371,(840.3146718343099-25.72666049003601j),(310.3944020271301-1.9857445458571117j),(2.6736313391903046-0.24810302801511308j),(0.16902899969226634-0.12702748166961278j),(0.07954737465546531-0.00034330576664113444j),0.05843281496253658,0.07878612106344238,24.0,2008.0
373,(844.2813351949056-25.738081614176433j),(306.60906251271564-1.793213576078415j),(2.7143247394778225-0.24700275272813588j),(0.16615393108989943-0.129081375140109j),(0.08620698380838697-0.0001631085884878015j),0.05988352416265757,0.08361156763608181,24.0,2008.0
375,(842.6711298624674-25.302448352177937j),(308.2793167432149-2.445543517669042j),(2.699411087081175-0.24389096784833772j),(0.16720769018339043-0.12603727784526775j),(0.0819507637932269-0.001478883594716868j),0.06081675929565647,0.08038388778322308,24.0,2008.0
377,(843.9802207946777-25.41317641735077j),(306.9145407676697-2.0746557116508484j),(2.7132757100596727-0.2399026101646309j),(0.16518117433707738-0.12813459899545093j),(0.08451688951643184-0.0008082835248668807j),0.05887512049705588,0.08370562422038381,24.0,2008.0
379,(840.8093287150065-25.683545390764873j),(310.18486738204956-1.7912936409314473j),(2.673134722195643-0.25103271058606835j),(0.1705476634913303-0.12732792417788413j),(0.07895697541537217-0.001417828606789184j),0.05864130576253405,0.07856327599613487,24.0,2008.0
381,(843.9568367004395-25.27653495470683j),(306.76788806915283-2.3724361856778464j),(2.716561396392215-0.24059430795841572j),(0.16492645657646587-0.1286039836545372j),(0.08488639487539845-0.0009228943960780077j),0.058445185929526945,0.0843513765148262,24.0,2008.0
383,(841.3474044799805-25.79174494743347j),(309.3942605654399-1.928679217894872j),(2.684739942861526-0.2480972160313274j),(0.16775390248372893-0.12768444143282043j),(0.08137172319877785-0.0013786809241886956j),0.05925711282693887,0.08002743252583437,24.0,2008.0
385,(843.6957079569498-25.468522906303406j),(306.90430704752606-2.262654016415278j),(2.7126080176019687-0.24219869171783337j),(0.1670675564766381-0.12881984664546534j),(0.08616869245325853-0.002011488482990621j),0.06055121054997781,0.08328051476741821,24.0,2008.0
387,(840.6451517740885-26.051398992538452j),(309.90680805842084-1.6643589337666829j),(2.678394160705121-0.25180123229018864j),(0.16940907126209048-0.12875366937408056j),(0.08042581748365148+0.0002839147986917857j),0.05877801771423866,0.07918337546950212,24.0,2008.0
389,(843.6988512674967-25.154698967933655j),(307.1179362932841-2.497889816761017j),(2.7074681340799-0.23890532565379444j),(0.16573195494818946-0.12860285669115795j),(0.08510456698866203-0.0013799207075570943j),0.05995025589217596,0.0831904359131708,24.0,2008.0
391,(840.7445780436198-25.269375324249268j),(310.20814180374146-2.2960379819075265j),(2.677175240996396-0.2441907404763303j),(0.16928388152271054-0.12608608152194867j),(0.07945273470056033-0.000775862093822892j),0.05835227769750315,0.07964710418735362,24.0,2008.0
393,(844.0170516967773-25.32871337731679j),(306.9256218274434-2.3651569286982217j),(2.711966749574767-0.23625163731714183j),(0.1636523147879765-0.12932025650923773j),(0.0868596047228582-0.0006624506709787733j),0.05956501303684226,0.08487011380929321,24.0,2008.0
395,(841.0327097574869-25.718851049741108j),(310.0320231119792-1.9619521001974742j),(2.6777714034786597-0.24310727173212668j),(0.1695404982422505-0.12714407119031915j),(0.0812981103686692-0.0011020450787882002j),0.058938187317504366,0.07953792065559018,24.0,2008.0
397,(844.2572631835938-25.625586311022442j),(306.5566453933716-1.8741432229677837j),(2.716154559184238-0.24295539841191852j),(0.1658396256523186-0.12739199166570836j),(0.08455569921304563-0.0007864709246219962j),0.05985334901025006,0.08473917663733575,24.0,2008.0
399,(840.7843691507975-25.420615514119465j),(310.07526302337646-2.368491758902868j),(2.6771085048550414-0.24407956546964013j),(0.1691588910924374-0.125586020087788j),(0.07931054063425068-0.001960471118142069j),0.0584896827626018,0.07964370546866237,24.0,2008.0
401,(844.5406532287598-25.397808988889057j),(306.11313819885254-2.2294191320737204j),(2.720863678407264-0.23901409616278643j),(0.16480997631871877-0.12779069052969894j),(0.08686043670114256-0.0017920564032505592j),0.05874548029308314,0.08711721350349073,24.0,2008.0
403,(841.3018468221029-25.655391375223797j),(309.53142340977985-2.311562995115916j),(2.685398386189528-0.245376591218909j),(0.16820126291068557-0.1280821313840953j),(0.08120409666827903-0.0004344570065898616j),0.06134060755888107,0.07733665024296885,24.0,2008.0
405,(844.5470975240072-25.616020679473877j),(306.13988939921063-2.056008050839106j),(2.7215963617679737-0.24305344826898745j),(0.16048814299274014-0.1273429560525948j),(0.08516166741487219-0.0008965685304900929j),0.06083767084489383,0.08490902777488013,24.0,2008.0
407,(841.4959996541342-26.26924439271291j),(309.4890211423238-1.8119878470897675j),(2.685332671348464-0.24807457369903227j),(0.16843328752762587-0.12620874409534494j),(0.08142487247107794-0.0010081683172194617j),0.05834271794334397,0.07994246159333938,24.0,2008.0
409,(844.5081431070963-25.385621984799702j),(306.0820190111796-2.139774660269419j),(2.722957208847466-0.242602171274217j),(0.16251325830834723-0.12798689413706846j),(0.0860668864392521-0.0017918943428768194j),0.05993762786815949,0.08479950183605617,24.0,2008.0
411,(841.3497098286947-25.6654128630956j),(309.6126921971639-2.095846245686213j),(2.682108117960084-0.24693296120142794j),(0.1696423340362778-0.12730320459255257j),(0.07907070795317905-0.0008281140581731444j),0.05979534226516758,0.07964682734703848,24.0,2008.0
413,(844.8802159627279-25.413082520167034j),(305.75158580144245-2.163231203953425j),(2.7219942055834303-0.2425445452234498j),(0.163891355152006-0.12804857025874944j),(0.08773216869598477-0.0012025672342883822j),0.05959588691816853,0.08518775171680287,24.0,2008.0
415,(841.614663441976-25.595831791559856j),(309.15823729832965-2.1832381586233773j),(2.6878138627498394-0.247946042503574j),(0.168659869766124-0.12686745653115608j),(0.08086216404822963-0.0012983212639217539j),0.05920398197966059,0.08007181105183933,24.0,2008.0
417,(845.1454887390137-25.213644703229267j),(305.5725016593933-2.4190272788206735j),(2.7284287945103856-0.23765495991514304j),(0.1631792620570628-0.12755886805538527j),(0.0865468205608992-0.0009546997925315982j),0.058400743519397356,0.08632938236969102,24.0,2008.0
419,(842.3890991210938-25.58816170692444j),(308.7119943300883-2.0424601336320243j),(2.6948519878736263-0.24689096142246622j),(0.16804253832833668-0.1276342785918057j),(0.08100346332562897-0.0014429465360613878j),0.06134389439332635,0.07989290542746168,24.0,2008.0
421,(845.2380917867025-25.83120544751485j),(305.56471220652264-1.9513431390126545j),(2.7251913699757186-0.24342688316668007j),(0.16398469416501057-0.12770428542328743j),(0.08517058632160994-0.0005629969772757197j),0.06260506440345279,0.08502111899525971,24.0,2008.0
423,(841.6825256347656-25.358253121376038j),(309.0163524945577-2.252238670984904j),(2.691597600116521-0.24403114094480874j),(0.16837759552561857-0.12610174690041687j),(0.08082975348381514-0.0014443677968462604j),0.05881986188457542,0.07914854798469835,24.0,2008.0
425,(845.0168762207031-25.742797295252483j),(305.6462772687276-2.130605012178421j),(2.728457826923296-0.24260581629603126j),(0.16409919126312356-0.12842468536287294j),(0.0855747900703786-0.00014760047358239082j),0.06115195391732467,0.08485577620272611,24.0,2008.0
427,(841.9869893391927-25.787211974461872j),(308.96752882003784-2.027794669071833j),(2.689240717994831-0.24796164028300258j),(0.16912988770021817-0.1264572928154102j),(0.08023149963896144-0.0008287852862054736j),0.06046246189917583,0.08092668356466791,24.0,2008.0
429,(844.8452542622884-25.515280604362488j),(306.1206564903259-2.0212970872720084j),(2.7204343763730665-0.24085289412013755j),(0.16483694330814672-0.1294675267271726j),(0.08781220723919107-0.001084443372350991j),0.059630601199984506,0.08503456759800891,24.0,2008.0
433,(842.4759267171224-25.45123020807902j),(308.4571164449056-2.415548801422119j),(2.6967265232301476-0.24746201525250489j),(0.16877595883276234-0.12624420512474513j),(0.08010370881079071-0.002416604326754848j),0.06160738568225919,0.08020127504914304,24.0,2008.0
435,(845.6860656738281-25.620062629381817j),(304.7488252321879-2.123222122589747j),(2.7386666518559686-0.2471650324523765j),(0.16487128939014828-0.1267792949264578j),(0.08795379564564303-0.0007957829953676815j),0.06098666992057707,0.08583976882422588,24.0,2008.0
437,(843.0255533854166-25.47682861487071j),(308.07812547683716-2.36177060008049j),(2.703226046154153-0.24826009298627447j),(0.16725994589979074-0.12734508045647833j),(0.0840919838106286-0.0014222834311272779j),0.060802701783849895,0.08185255727094856,24.0,2008.0
439,(845.9105466206869-25.55997296174367j),(305.14551035563153-1.8891013264656067j),(2.732471671740831-0.24563414339151024j),(0.16328351054411383-0.1293088703343011j),(0.08705310883819516-0.000607932723205202j),0.06100425704109886,0.08588436114872877,24.0,2008.0
441,(843.5815518697103-25.795286059379578j),(307.36350615819293-1.7903190553188324j),(2.710777131408159-0.25153589102712764j),(0.16719400176620558-0.1280151799376488j),(0.08190829403915913-0.001407210802905667j),0.06147075614169803,0.08170752156365965,24.0,2008.0
443,(846.8194491068522-25.421951691309612j),(303.7009358406067-2.147250850995382j),(2.752021940519907-0.2447502414437512j),(0.16118577268845097-0.12838598351283562j),(0.09036006890906577-0.0008330930065607805j),0.06232914782727364,0.08822161138920463,24.0,2008.0
445,(843.6029624938965-25.749963402748108j),(307.2530565261841-2.0685707728068032j),(2.7084236133987467-0.2532581915608925j),(0.16658599575113323-0.12654382503924264j),(0.0819512374361182-0.0005535555453892589j),0.062141039518508724,0.08177099146255969,24.0,2008.0
447,(846.9004885355631-25.147298177083332j),(303.8494984308879-2.512110640605291j),(2.748984474942191-0.24286549506789493j),(0.161641610213739-0.12610667630867947j),(0.08697437602182846-0.0011817829971883934j),0.06150276278855151,0.0872699062901812,24.0,2008.0
449,(843.5039558410645-25.750720063845318j),(307.3505926132202-1.7922404408454895j),(2.7069294268698787-0.25284463250559003j),(0.16853072284126-0.12684714396311583j),(0.08390716085088773-0.000651871277445053j),0.05963114979983982,0.08257600572707498,24.0,2008.0
451,(846.751584370931-25.328672846158344j),(304.038902759552-2.4726825853188834j),(2.746835041483584-0.2421148384273201j),(0.1629636213941075-0.12784311724050426j),(0.08688272573614868-0.0015906739422083486j),0.06141907994833745,0.08720378292525817,24.0,2008.0
453,(843.617067972819-25.830914457639057j),(307.23474645614624-1.6863898833592732j),(2.711383967440563-0.2508578452608725j),(0.16715343131277918-0.12856514069923747j),(0.08446965563682256-0.0011615445466342646j),0.06108351255172991,0.08239994758407483,24.0,2008.0
455,(846.9343109130859-25.462549606959026j),(304.32608191172284-2.1136608819166818j),(2.744773640065999-0.24208723579107352j),(0.15638979930229635-0.12726959855579484j),(0.08785365675684563-0.0013655240864612003j),0.0612166514530719,0.0872819262712242,24.0,2008.0
457,(843.6243133544922-25.62716515858968j),(307.13639338811237-1.9836586515108745j),(2.707489797139018-0.25367748936432755j),(0.16768353364742092-0.12703926943786095j),(0.0858786728346797-0.0013226194155079969j),0.06148387399714281,0.08269579716686087,24.0,2008.0
459,(847.3429730733236-25.57062832514445j),(303.7697548866272-2.1573312878608704j),(2.7526708917533718-0.24245836650741048j),(0.15847711338262135-0.12719860188130652j),(0.0899916048698674-0.0016467575666258723j),0.062704070176938,0.08679111809854424,24.0,2008.0
461,(844.0481096903483-25.550277312596638j),(306.89144643147785-1.8257628877957661j),(2.7149262793787554-0.25232199475760275j),(0.16543707748631653-0.12706885329399362j),(0.08441622539745626-0.0023529647701774265j),0.061708886182297897,0.08329169748855401,24.0,2008.0
463,(847.3579597473145-25.753087719281513j),(303.58609374364215-1.8693039417266846j),(2.7480869341355176-0.24630699744996765j),(0.16081932040866828-0.12688399992439206j),(0.0892975700021353-0.0009659036819622355j),0.06172613583587411,0.08837792601190748,24.0,2008.0
465,(843.8047256469727-25.8397962252299j),(307.0787986119588-1.8757584194342296j),(2.715253003386301-0.2487150098694255j),(0.16402799103901564-0.12863803620739922j),(0.08384833620357408-0.0008994927757348566j),0.06088889899741356,0.08311038310685015,24.0,2008.0
467,(847.1113408406576-25.690906127293903j),(303.8156270980835-1.8233960966269176j),(2.745826694089157-0.24589693106733135j),(0.16057182706637776-0.12752839366179938j),(0.08873081130781052-0.0007172491153804129j),0.06185223703499693,0.08697922184678315,24.0,2008.0
469,(844.2117449442545-25.799762845039368j),(306.7994882265727-1.665270358324051j),(2.7145813176623577-0.24927186316237127j),(0.16656522339456592-0.12846444313292318j),(0.0836892727338494-0.0008090833488927528j),0.061067434585430215,0.08375435203587812,24.0,2008.0
471,(847.9417355855306-25.581175764401753j),(302.7462191581726-1.7334095140298207j),(2.7575223710303765-0.2472808192410679j),(0.16039938093927125-0.1274187639951663j),(0.09076367413405835-0.0011311549252233759j),0.06310358102659182,0.08852234569242505,24.0,2008.0
473,(843.6434529622396-25.551857868830364j),(307.15029271443683-2.195960601170858j),(2.713888948853176-0.24739091342843852j),(0.16782897779252212-0.1270157801433277j),(0.0823880168190848-0.0013574988860607451j),0.06084445004689351,0.08308225537417147,24.0,2008.0
475,(847.3784548441569-25.317796627680462j),(303.2109028498332-2.2839953104654946j),(2.759720046442027-0.2412793352991214j),(0.16021328876915963-0.12793929539643253j),(0.09071821033981257-0.0007120464413538385j),0.06228746060457266,0.08923087570947913,24.0,2008.0
477,(845.6064974466959-25.630261143048603j),(305.4033468564351-1.8317942718664806j),(2.7310274124647482-0.24854588557430604j),(0.16649941903609722-0.12879232002848062j),(0.08279214802384494-0.0006354398868416448j),0.06351594916063175,0.08411816433198453,24.0,2008.0
479,(847.47265625-25.650909463564556j),(303.3535822232564-1.945869356393814j),(2.7541134881609963-0.24453425221620417j),(0.15904480753771835-0.12903492197796j),(0.08914858008918163-0.0012446511737010497j),0.06270549893166993,0.08838724457648713,24.0,2008.0
485,(836.9156277974447-25.599199374516804j),(313.83045705159503-2.198193281888962j),(2.629402539802527-0.24660609711937911j),(0.17024685155651306-0.12717078386984754j),(0.07638371180574928-0.000269246945318832j),0.056098763360757066,0.0751803131352498,24.0,2008.0
487,(840.1771659851074-25.50598951180776j),(310.84739383061725-2.1328980724016824j),(2.659103172615378-0.2432072336128048j),(0.16662479500466534-0.12783406836643194j),(0.08150325612928172-0.0005511909481395274j),0.05328638162255837,0.08156856568421471,24.0,2008.0
489,(836.833911895752-25.41599138577779j),(313.96589040756226-2.2033687929312387j),(2.629032792542905-0.24240862887170686j),(0.1699069090614039-0.12617751798462162j),(0.0774163371588772-0.0012377482074792262j),0.05438777538615832,0.07604192318654494,24.0,2008.0
491,(840.7896347045898-25.301348447799683j),(309.74131361643475-2.1625468532244363j),(2.673611563419706-0.2374000457462926j),(0.16635928373371167-0.12794590685036075j),(0.0826597504712914-0.001294694773843413j),0.05293147474045376,0.08275693411495888,24.0,2008.0
493,(837.1840120951334-25.531374136606853j),(313.8266917864482-1.9662741124629974j),(2.6305880905358703-0.2463537777825012j),(0.16895361377985307-0.126613780174738j),(0.07606636917128039-0.000979375043195496j),0.05447647662260837,0.07673140547029404,24.0,2008.0
495,(840.9044380187988-25.493247350056965j),(309.5693465868632-1.9927432239055634j),(2.6755469328022783-0.24325559237756414j),(0.16592598650285556-0.12717607680994972j),(0.08288634630223693-0.0011261988701828259j),0.05588929297745871,0.08226321054006082,24.0,2008.0
497,(837.3146820068359-26.011250774065655j),(313.24328804016113-1.7646130720774333j),(2.6329481373010646-0.25183462769251747j),(0.1689549252974691-0.12672836850951222j),(0.07886469571366897-0.0012612111286193267j),0.05599607903184257,0.07651440849093617,24.0,2008.0
499,(840.8523406982422-25.62865161895752j),(309.74341440200806-1.7244890630245209j),(2.671289268505473-0.24563919231517795j),(0.16585412366000887-0.1284385078492869j),(0.08270004670524048-0.0014201447516555157j),0.05841778368115902,0.08029809490533976,24.0,2008.0
501,(837.1233431498209-24.810694177945454j),(313.6621214548747-2.6050599018732705j),(2.6294644726550125-0.23999309903428434j),(0.16914071916745607-0.1261045917275621j),(0.07777653374107833-0.0009269320310127431j),0.05227996581811926,0.07486615123258515,24.0,2008.0
503,(841.0879453023275-25.326626578966778j),(309.52048858006793-2.006777048110962j),(2.676589988920668-0.24046656163994476j),(0.16902142699866218-0.12785705823147925j),(0.08298494770149892-0.0012867508781955765j),0.056411433170262516,0.0819223123309917,24.0,2008.0
505,(837.3574345906576-25.684616088867188j),(313.7577910423279-1.6880967617034912j),(2.6278040531931186-0.24751866678027076j),(0.17013354892432356-0.12765860910189084j),(0.07727465589382586+0.00018625987616196363j),0.05350804531294865,0.07610419438082021,24.0,2008.0
507,(841.0467732747396-24.79977862040202j),(309.5208800633748-2.5435501436392465j),(2.6793587526878024-0.23745398036922327j),(0.16490221537838998-0.12926663695629156j),(0.08045639195084188-0.00040993082249664753j),0.05568015964086862,0.08177399086572994,24.0,2008.0
509,(837.576966603597-25.437013864517212j),(313.2660255432129-2.2601150969664254j),(2.6358083125805822-0.2470503871453417j),(0.17022410095741333-0.12615723710834953j),(0.0775555038132305-0.001137892348512758j),0.05389280618399376,0.07778309560578801,24.0,2008.0
511,(841.8770764668783-25.274949232737224j),(309.01381572087604-2.485573649406433j),(2.6786621260732377-0.23703236263245753j),(0.16482307829798798-0.127368046679366j),(0.08296275676993023-0.0010900940676096447j),0.056210257603528525,0.08328067168438782,24.0,2008.0
513,(837.6982269287109-25.33797303835551j),(313.00801436106366-2.2755761047204337j),(2.636771672521385-0.2459468255437001j),(0.16985819769260602-0.12693594197764976j),(0.07702310161299376-0.000747419200510564j),0.05500261254176023,0.0770552542641119,24.0,2008.0
515,(841.419558207194-25.364389499028523j),(309.40944798787433-2.202469696601232j),(2.6774132247777804-0.24188073455773132j),(0.16764256111355866-0.12737617437137266j),(0.08537271361818638-0.0013351847902235553j),0.05579452141186236,0.0829501208969064,24.0,2008.0
517,(837.6503257751465-25.673333009084065j),(313.0188177426656-1.7585394581158955j),(2.638741229644151-0.2504062780655002j),(0.1701322519258189-0.12785653489026255j),(0.07813431718569827-0.0008967012377938439j),0.055477936916064945,0.07700167355105111,24.0,2008.0
519,(841.4659729003906-25.521026213963825j),(309.2022452354431-1.9296415150165558j),(2.6815965966232604-0.24498446085409706j),(0.16737438490169998-0.12762377671116648j),(0.08577324638564114-0.0014625325128112654j),0.057799714665998925,0.08190303229216056,24.0,2008.0
521,(837.6921234130859-25.70172619819641j),(313.2482126553853-1.9564079145590465j),(2.635944263028429-0.2458890917760466j),(0.1696557809627501-0.127396184570188j),(0.07778516449475692-0.0008948867531786679j),0.05513159816218068,0.07705565644815345,24.0,2008.0
523,(841.6279589335123-25.665870745976765j),(309.0413932800293-2.0136623481909433j),(2.677783868156594-0.24566205564593355j),(0.16540712747332353-0.1272016745264902j),(0.08240253067680044-0.0006178070948072305j),0.05577529472858128,0.08294674118422612,24.0,2008.0
525,(838.1309280395508-25.664295554161072j),(312.6850406328837-1.710106501976649j),(2.637480969151347-0.24863069076588426j),(0.16961055828673074-0.12676145570775166j),(0.07656143384521623-0.0006176381005226742j),0.05581143896033036,0.07655193817591452,24.0,2008.0
527,(842.1699358622233-25.29325024286906j),(309.0724007288615-2.425934116045634j),(2.679406958526996-0.23555325516117745j),(0.16607106411267403-0.12709727271211899j),(0.08366077881554486-0.00114728273046629j),0.056559391313402284,0.08237490117893426,24.0,2008.0
529,(838.2900047302246-25.484749635060627j),(312.5203423500061-1.8381715416908264j),(2.640578256688908-0.25046903438112766j),(0.1689627503458563-0.1260794028483732j),(0.07853638018074-0.001242227095679001j),0.05517339070760031,0.07730223904611441,24.0,2008.0
531,(841.8754730224609-25.23331658045451j),(308.49551153182983-2.3454949160416922j),(2.688617435467536-0.23643521659400624j),(0.16447371867690555-0.12737237300651477j),(0.08584996128674315-0.002398710908583912j),0.05334424687864744,0.08448562230827522,24.0,2008.0
533,(838.9850578308105-25.409795721371967j),(311.73954852422077-2.3787374993165336j),(2.6525523479427657-0.24319262775809078j),(0.16807810122987918-0.1268953242575947j),(0.08027203414329998-0.001717294392528686j),0.05620338276580351,0.07843574895859332,24.0,2008.0
535,(841.9575958251953-25.198847770690918j),(308.48840316136676-2.1732922295729318j),(2.6865784484417294-0.24210276982426016j),(0.16625759972129298-0.1266927221051677j),(0.08344640116649636-0.001396508130205841j),0.05626247897824919,0.0830662312193171,24.0,2008.0
537,(838.5426343282064-25.656303246815998j),(311.9164218902588-1.8465338945388794j),(2.6493460393231167-0.24788541267725497j),(0.16836464113694002-0.1270690925246578j),(0.0793525044894967-0.0011179423119140888j),0.054122848764169285,0.07853439066990606,24.0,2008.0
539,(842.1200764973959-25.00730586051941j),(308.5720570882161-2.3429236908753714j),(2.687464980390803-0.2363278991012724j),(0.16705351692649664-0.1283406724142551j),(0.08623704948340376-0.001408158220168272j),0.053394249987462915,0.08335635527903888,24.0,2008.0
541,(838.4336458841959-25.48144042491913j),(312.2314097086589-2.1446811854839325j),(2.6455066556090556-0.2455091830378262j),(0.16980584681253777-0.1270221249560641j),(0.08021162261998144-0.001491869108525391j),0.05545823824882687,0.07866069372174239,24.0,2008.0
543,(845.1015179951986-25.011083324750263j),(305.32805093129474-2.458597719669342j),(2.725153553862759-0.23679737506070153j),(0.1618217141290116-0.12719779065380968j),(0.08842547606335184-0.00198540773500885j),0.05854525235071128,0.08836885185980754,24.0,2008.0
545,(840.8483187357584-25.38961176077525j),(309.7811082204183-2.221249590317408j),(2.677612730581103-0.24185666442783957j),(0.16757744585962073-0.12703207564146943j),(0.08160840279106557-0.0018064123279494945j),0.057849417299627566,0.08078773867849699,24.0,2008.0
548,(841.4677912394205-25.03548340002696j),(309.4766386349996-2.183562159538269j),(2.6824820203174107-0.2419186316780264j),(0.16777799747116973-0.1274596838069044j),(0.07856271712192504-0.0006733658710014597j),0.05861499608457943,0.0815465143150512,24.0,2008.0
550,(844.8206164042155-25.238476792971294j),(305.69561831156415-2.3924666543801627j),(2.7221496174357243-0.23925551603487402j),(0.1619443777185415-0.12693394059075078j),(0.08704111664043397-0.0014088640893182667j),0.06142385686894261,0.08496390395839586,24.0,2008.0
552,(841.0715624491373-24.97857205073039j),(309.6174632708232-2.487908532222112j),(2.682594542200388-0.2386702675986565j),(0.16920571505464574-0.12639572168717791j),(0.08116420842887308-0.000906057960721169j),0.05514590684509454,0.08131922130895523,24.0,2008.0
554,(844.9337463378906-25.183533589045208j),(305.71738878885907-2.3268671929836273j),(2.7275618156484183-0.23853115076922896j),(0.1637699242089148-0.12839054590125606j),(0.08917407674648463-0.0009677827167194272j),0.05952338030179974,0.08720833121299236,24.0,2008.0
556,(842.3572616577148-25.37590463956197j),(308.6700603167216-2.076252967119217j),(2.6944142692747186-0.24043512204993753j),(0.1672394493375141-0.1288832288550372j),(0.08212967138100208-0.001633766585299507j),0.060395218506932496,0.08118649064632041,24.0,2008.0
558,(845.5155448913574-25.082207560539246j),(305.17397451400757-2.344891885916392j),(2.7293822202741644-0.23909796219852586j),(0.16139297316227988-0.12679397477040705j),(0.0891964119146225-0.0009564476663572816j),0.05926159085880675,0.08777868669454862,24.0,2008.0
560,(842.0649846394857-25.017816464106243j),(308.6733274459839-2.4273752172787986j),(2.693293890579185-0.23779793129156312j),(0.16742114831575064-0.1282614957685765j),(0.0846321989007456-0.0015106724283881904j),0.05837332151817875,0.08168688613354813,24.0,2008.0
562,(845.355281829834-25.162188688913982j),(305.0028324127197-2.1305992205937705j),(2.727790137836202-0.23908059827924402j),(0.16206299009868336-0.12581105406807866j),(0.08899171199395772-0.0017603193540958245j),0.05952378458944332,0.08843007755224046,24.0,2008.0
564,(841.7272059122721-25.387118617693584j),(308.93566942214966-2.2447039683659873j),(2.6897217655003605-0.23986342970086985j),(0.16674060887807904-0.1278509653535691j),(0.0848255607650618-0.001653141862201819j),0.058915317530095296,0.08242888973447615,24.0,2008.0
566,(845.1525370279948-25.199235479036968j),(305.4049072265625-2.4305212001005807j),(2.730326773051036-0.23427164067498554j),(0.1591906380426272-0.12659783585792783j),(0.08792715001903394-0.0017378029252306572j),0.05967664811705819,0.08584374973711091,24.0,2008.0
568,(841.5736618041992-25.609681884447735j),(309.020631313324-1.911136229832967j),(2.686202464585197-0.24580198359456215j),(0.16921498984651326-0.12666776440256683j),(0.08250779516971876-0.001508229629963207j),0.05679308055986898,0.08277241951062583,24.0,2008.0
570,(844.9941584269205-25.18779464562734j),(305.65675592422485-2.0512672464052835j),(2.7213536576426347-0.23935355812112077j),(0.16498911723962986-0.1294880310978256j),(0.09073462289936635-0.001615319923658489j),0.059759884630488834,0.08662483639594361,24.0,2008.0
572,(843.3899383544922-24.90539852778117j),(307.2199659347534-2.6798687875270844j),(2.710421688195249-0.23839976744284588j),(0.1643558533622583-0.1259015571571707j),(0.08469357339136956-0.001822118636435809j),0.06154880245646264,0.08166650115809095,24.0,2008.0
574,(845.1402320861816-25.199800690015156j),(305.49154472351074-2.224407513936361j),(2.726019239311986-0.23462561561519216j),(0.1624856633368271-0.12690894796592808j),(0.08731918315772769-0.0013500425350707614j),0.05950259165745283,0.08636882918668189,24.0,2008.0
576,(841.5974184672037-25.189250111579895j),(309.23913462956745-2.1954178512096405j),(2.682092543345531-0.23973633317094353j),(0.16960720868559123-0.12813656507531193j),(0.08219146806028245-0.0012124407748721206j),0.05815785715365463,0.08076638409033879,24.0,2008.0
578,(845.8472379048666-25.31923242410024j),(304.84860308965045-2.315798580646515j),(2.7358118059956165-0.23390107836391663j),(0.16141759488633906-0.12881348726705655j),(0.09121174702644357-0.0011479688898050288j),0.05955598055289399,0.08821831541627395,24.0,2008.0
580,(841.8982187906901-25.014259179433186j),(308.8185782432556-2.627379685640335j),(2.693242001923993-0.23727148352528835j),(0.1674013331382226-0.12686798729713752j),(0.08174856023507807-0.001165002547260106j),0.05998242374388254,0.08040837607181418,24.0,2008.0
582,(845.5171140034994-25.218507289886475j),(304.98878622055054-2.2754595975081124j),(2.734273439897811-0.23780500834680451j),(0.16048893292766286-0.12777577532589318j),(0.08866440803166974-0.0014771735554262543j),0.059491364791185296,0.08873029794077426,24.0,2008.0
584,(842.0803960164388-25.587544957796734j),(308.8159674008687-1.9683213531970978j),(2.6908232006184143-0.2402141812675521j),(0.16737325638103928-0.12735513940584645j),(0.08145593888887591-0.0017499226898068378j),0.06032121649663735,0.080340961111739,24.0,2008.0
586,(845.7052790323893-24.808611035346985j),(304.83246485392254-2.8137308756510415j),(2.735586363333045-0.22919249462622712j),(0.1615431347618996-0.12686889950886723j),(0.08766566005122951-0.0016342723668124884j),0.06052114924707915,0.08753623977970666,24.0,2008.0
588,(841.8956425984701-25.762245575586956j),(308.41105620066327-1.6188019514083862j),(2.6948926630230297-0.24855202975318225j),(0.1658354421066544-0.1268411429107868j),(0.08173320026787675-0.0012645768411359277j),0.05960681398165175,0.08219508357127864,24.0,2008.0
590,(845.896053314209-25.16787588596344j),(304.6813006401062-2.4007143477598825j),(2.738368441099269-0.2336954290378377j),(0.16062362343036088-0.1275790109047074j),(0.09072927043697392-0.0007517238285881192j),0.05982677899726283,0.08853801860235527,24.0,2008.0
592,(842.5894838968912-25.09682857990265j),(308.18214654922485-2.468777686357498j),(2.7003912953233-0.23971396467438336j),(0.16818698392950135-0.1259996739763734j),(0.08431222443660841-0.0018498629549057292j),0.06115467131526812,0.0812995137183745,24.0,2008.0
594,(845.7913297017416-25.09017531077067j),(304.88767592112225-2.270577222108841j),(2.7331922178548083-0.23165621232942604j),(0.15723606420475947-0.12613153621958345j),(0.08855084510656586-0.0008172285324950174j),0.057944393691446945,0.08890519876854223,24.0,2008.0
596,(842.0006904602051-25.35709051291148j),(308.71176195144653-2.0325446824232736j),(2.691371997891657-0.23787081593277415j),(0.16965333321645504-0.12842274643799614j),(0.08645636372063818-0.001340754964871428j),0.05499483450370441,0.08325251281361706,24.0,2008.0
598,(846.1730944315592-24.46851893266042j),(304.7278060913086-2.746930072704951j),(2.7390936305936435-0.23399341848355837j),(0.1591422232831155-0.12552856582473104j),(0.08937106084660838-0.0014469374725596016j),0.06175931225184275,0.0847212726764891,24.0,2008.0
600,(842.4319101969401-25.484295964241028j),(308.41676648457843-1.8320819834868114j),(2.69237083242089-0.24535069517840616j),(0.16545781339254284-0.12732231066526964j),(0.08248885813656089-0.0008656925451267015j),0.058456129317427746,0.08270193673891646,24.0,2008.0
602,(845.7554842631022-24.664506912231445j),(305.17309315999347-2.7506546874841056j),(2.7362429925157397-0.23062464122078116j),(0.1610723100355942-0.12632248865271403j),(0.09074770845365691-0.0012793805106578813j),0.05898908039586478,0.08573621892771217,24.0,2008.0
604,(842.3701807657877-25.369385361671448j),(308.43195994695026-2.23176172375679j),(2.6945188051679843-0.23870852016687927j),(0.17011354563790104-0.12697969192327424j),(0.08351369036856392-0.001682211396558177j),0.058800844193955905,0.08236983437565949,24.0,2008.0
606,(845.9252382914225-24.792821288108826j),(305.007639726003-2.3940736750761666j),(2.7318194744420303-0.23263000151343785j),(0.16289481978550963-0.12678318957419057j),(0.09097882090652724-0.0015934293227373084j),0.05763029720163585,0.08742389347930328,24.0,2008.0
608,(842.150260925293-25.13500988483429j),(308.30119641621906-2.350655655066172j),(2.69260179170545-0.23983574298407104j),(0.1679127730867492-0.12615268431074889j),(0.0825817142558912-0.0009155722101711122j),0.05898388938334406,0.08252211755101288,24.0,2008.0
610,(845.7540817260742-25.082423329353333j),(304.9575107892354-2.2985637386639914j),(2.734526344093693-0.238062250813836j),(0.15927478987261467-0.12501521885479272j),(0.08910421154282676-0.0017155197976722366j),0.057823749393303175,0.08975687046479841,24.0,2008.0
614,(833.8886553446451-25.296311179796856j),(316.9606517155965-2.4284510612487793j),(2.591605958803402-0.23876201536484765j),(0.1696805376998158-0.12604989557605306j),(0.07466993396470449-0.001346345190383052j),0.05003573195803179,0.07479234613687553,24.0,2008.0
